[18:16:21] [main/INFO]: Loading Minecraft 1.20.1 with Fabric Loader 0.15.11
[18:16:22] [ForkJoinPool-1-worker-2/WARN]: Mod tectonic uses the version 2.4.1b which isn't compatible with Loader's extended semantic version format (Could not parse version number component '1b'!), SemVer is recommended for reliably evaluating dependencies and prioritizing newer version
[18:16:22] [ForkJoinPool-1-worker-1/WARN]: The mod "dungeons_arise" contains invalid entries in its mod json:
- Unsupported root entry "credits" at line 12 column 12
[18:16:22] [main/INFO]: Dependencies overridden for minecraft, lambdynlights, fabricloader, debugify
[18:16:22] [main/WARN]: Warnings were found!
 - 'Minecraft' (minecraft) 1.20.1 recommends any version after 5.4.1 of Fabulously Optimized, which is missing!
	 - You should install any version after 5.4.1 of Fabulously Optimized for the optimal experience.
[18:16:22] [main/INFO]: Loading 260 mods:
	- achiopt 1.0.1
	- appleskin 2.5.1+mc1.20
	- archers 1.2.5+1.20.1
	   \-- com_github_zsoltmolnarrr_tinyconfig 2.3.2
	- architectury 9.2.14
	- armordamagescale 1.20.1-3.1
	   \-- com_ezylang_evalex 3.0.1
	- asynclocator 1.3.0
	- awesomedungeon 3.2.0
	- awesomedungeonend 3.1.1
	- awesomedungeonnether 3.1.1
	- awesomedungeonocean 3.3.0
	- azurelibarmor 2.0.8
	- bagofholding 8.0.2
	   |-- extensibleenums 7.0.1
	   \-- puzzlesapi 8.1.6
	        \-- puzzlesaccessapi 8.0.9
	- bclib 3.0.14
	   \-- wunderlib 1.1.5
	- bettercombat 1.8.6+1.20.1
	- betterdeserttemples 1.20-Fabric-3.0.3
	   \-- org_reflections_reflections 0.10.2
	- betterdungeons 1.20-Fabric-4.0.4
	- betterend 4.0.11
	- betterendisland 1.20-Fabric-2.0.6
	- betterfortresses 1.20-Fabric-2.0.6
	- betterjungletemples 1.20-Fabric-2.0.5
	- bettermineshafts 1.20-Fabric-4.0.4
	- betternether 9.0.10
	- betteroceanmonuments 1.20-Fabric-3.0.4
	- betterstrongholds 1.20-Fabric-4.0.3
	- bettervillage 3.1.0
	- betterwitchhuts 1.20-Fabric-3.0.3
	- biomemusic 1.20.1-2.5
	- bookshelf 20.2.13
	- bosses_of_mass_destruction 1.7.5-1.20.1
	   |-- maelstrom_library 1.6.1-1.20
	   \-- multipart_entities 1.5-1.20
	- brewinandchewin 3.0.6+1.20.1
	   \-- mm 2.3
	- cardinal-components 5.2.2
	   |-- cardinal-components-base 5.2.2
	   |-- cardinal-components-block 5.2.2
	   |-- cardinal-components-chunk 5.2.2
	   |-- cardinal-components-entity 5.2.2
	   |-- cardinal-components-item 5.2.2
	   |-- cardinal-components-level 5.2.2
	   |-- cardinal-components-scoreboard 5.2.2
	   \-- cardinal-components-world 5.2.2
	- chunky 1.3.146
	- cloth-config 11.1.136
	   \-- cloth-basic-math 0.6.1
	- clumps 12.0.0.4
	- collective 7.84
	- combatroll 1.3.3+1.20.1
	- couplings 1.9.5+1.20
	- creeperoverhaul 3.0.2
	- cristellib 1.1.5
	   \-- blue_endless_jankson 1.2.3
	- cupboard 1.20.1-2.7
	- debugify 1.20.1+2.0
	- dragonfight 1.20.1-4.6
	- duckling 3.0.0
	- dummmmmmy 1.20-2.0.2
	- dungeon_difficulty 2.2.1+1.20.1
	   \-- com_github_zsoltmolnarrr_tinyconfig 2.3.2
	- dungeons_arise 2.1.58
	- dungeons_arise_seven_seas 1.0.2
	- e4mc_minecraft 5.1.0
	   \-- folk_sisby_kaleido-config 0.3.1+1.3.1
	- easyanvils 8.0.2
	- easymagic 8.0.1
	- ecologics 2.2.0
	- emi 1.1.13+1.20.1+fabric
	- emi_enchanting 0.1.2+1.20.1
	- emi_loot 0.7.3+1.20.1+fabric
	- emojiful 4.2.0
	   |-- com_esotericsoftware_yamlbeans_yamlbeans 1.15
	   \-- midnightlib 1.1.0
	- endermanoverhaul 1.0.4
	- endrem 5.2.4
	- expandeddelight 0.3.2
	   |-- mm 2.3
	   \-- omega-config 1.4.0+1.20.1
	- explorify 1.6.2
	- fabric-api 0.92.2+1.20.1
	   |-- fabric-api-base 0.4.31+1802ada577
	   |-- fabric-api-lookup-api-v1 1.6.36+1802ada577
	   |-- fabric-biome-api-v1 13.0.13+1802ada577
	   |-- fabric-block-api-v1 1.0.11+1802ada577
	   |-- fabric-block-view-api-v2 1.0.1+1802ada577
	   |-- fabric-blockrenderlayer-v1 1.1.41+1802ada577
	   |-- fabric-client-tags-api-v1 1.1.2+1802ada577
	   |-- fabric-command-api-v1 1.2.34+f71b366f77
	   |-- fabric-command-api-v2 2.2.13+1802ada577
	   |-- fabric-commands-v0 0.2.51+df3654b377
	   |-- fabric-containers-v0 0.1.64+df3654b377
	   |-- fabric-content-registries-v0 4.0.11+1802ada577
	   |-- fabric-convention-tags-v1 1.5.5+1802ada577
	   |-- fabric-crash-report-info-v1 0.2.19+1802ada577
	   |-- fabric-data-attachment-api-v1 1.0.0+de0fd6d177
	   |-- fabric-data-generation-api-v1 12.3.4+1802ada577
	   |-- fabric-dimensions-v1 2.1.54+1802ada577
	   |-- fabric-entity-events-v1 1.6.0+1c78457f77
	   |-- fabric-events-interaction-v0 0.6.2+1802ada577
	   |-- fabric-events-lifecycle-v0 0.2.63+df3654b377
	   |-- fabric-game-rule-api-v1 1.0.40+1802ada577
	   |-- fabric-item-api-v1 2.1.28+1802ada577
	   |-- fabric-item-group-api-v1 4.0.12+1802ada577
	   |-- fabric-key-binding-api-v1 1.0.37+1802ada577
	   |-- fabric-keybindings-v0 0.2.35+df3654b377
	   |-- fabric-lifecycle-events-v1 2.2.22+1802ada577
	   |-- fabric-loot-api-v2 1.2.1+1802ada577
	   |-- fabric-loot-tables-v1 1.1.45+9e7660c677
	   |-- fabric-message-api-v1 5.1.9+1802ada577
	   |-- fabric-mining-level-api-v1 2.1.50+1802ada577
	   |-- fabric-model-loading-api-v1 1.0.3+1802ada577
	   |-- fabric-models-v0 0.4.2+9386d8a777
	   |-- fabric-networking-api-v1 1.3.11+1802ada577
	   |-- fabric-networking-v0 0.3.51+df3654b377
	   |-- fabric-object-builder-api-v1 11.1.3+1802ada577
	   |-- fabric-particles-v1 1.1.2+1802ada577
	   |-- fabric-recipe-api-v1 1.0.21+1802ada577
	   |-- fabric-registry-sync-v0 2.3.3+1802ada577
	   |-- fabric-renderer-api-v1 3.2.1+1802ada577
	   |-- fabric-renderer-indigo 1.5.2+85287f9f77
	   |-- fabric-renderer-registries-v1 3.2.46+df3654b377
	   |-- fabric-rendering-data-attachment-v1 0.3.37+92a0d36777
	   |-- fabric-rendering-fluids-v1 3.0.28+1802ada577
	   |-- fabric-rendering-v0 1.1.49+df3654b377
	   |-- fabric-rendering-v1 3.0.8+1802ada577
	   |-- fabric-resource-conditions-api-v1 2.3.8+1802ada577
	   |-- fabric-resource-loader-v0 0.11.10+1802ada577
	   |-- fabric-screen-api-v1 2.0.8+1802ada577
	   |-- fabric-screen-handler-api-v1 1.3.30+1802ada577
	   |-- fabric-sound-api-v1 1.0.13+1802ada577
	   |-- fabric-transfer-api-v1 3.3.5+8dd72ea377
	   \-- fabric-transitive-access-wideners-v1 4.3.1+1802ada577
	- fabric-language-kotlin 1.12.2+kotlin.2.0.20
	   |-- org_jetbrains_kotlin_kotlin-reflect 2.0.20
	   |-- org_jetbrains_kotlin_kotlin-stdlib 2.0.20
	   |-- org_jetbrains_kotlin_kotlin-stdlib-jdk7 2.0.20
	   |-- org_jetbrains_kotlin_kotlin-stdlib-jdk8 2.0.20
	   |-- org_jetbrains_kotlinx_atomicfu-jvm 0.25.0
	   |-- org_jetbrains_kotlinx_kotlinx-coroutines-core-jvm 1.9.0
	   |-- org_jetbrains_kotlinx_kotlinx-coroutines-jdk8 1.9.0
	   |-- org_jetbrains_kotlinx_kotlinx-datetime-jvm 0.6.1
	   |-- org_jetbrains_kotlinx_kotlinx-io-bytestring-jvm 0.5.4
	   |-- org_jetbrains_kotlinx_kotlinx-io-core-jvm 0.5.4
	   |-- org_jetbrains_kotlinx_kotlinx-serialization-cbor-jvm 1.7.2
	   |-- org_jetbrains_kotlinx_kotlinx-serialization-core-jvm 1.7.2
	   \-- org_jetbrains_kotlinx_kotlinx-serialization-json-jvm 1.7.2
	- fabricloader 0.15.11
	- fallingtree 4.3.4
	- farmersdelight 1.20.1-2.1.6+refabricated
	   |-- mm 2.3
	   |-- porting_lib_accessors 2.3.4+1.20.1
	   |    \-- porting_lib_core 2.3.4+1.20.1
	   |-- porting_lib_base 2.3.4+1.20.1
	   |    |-- porting_lib_attributes 2.3.4+1.20.1
	   |    |-- porting_lib_common 2.3.4+1.20.1
	   |    |-- porting_lib_core 2.3.4+1.20.1
	   |    |-- porting_lib_entity 2.3.4+1.20.1
	   |    |-- porting_lib_extensions 2.3.4+1.20.1
	   |    |-- porting_lib_fluids 2.3.4+1.20.1
	   |    |-- porting_lib_mixin_extensions 2.3.4+1.20.1
	   |    |-- porting_lib_transfer 2.3.4+1.20.1
	   |    |-- porting_lib_utility 2.3.4+1.20.1
	   |    \-- reach-entity-attributes 2.4.0
	   |-- porting_lib_config 2.3.4+1.20.1
	   |    \-- porting_lib_core 2.3.4+1.20.1
	   |-- porting_lib_lazy_registration 2.3.4+1.20.1
	   |    \-- porting_lib_core 2.3.4+1.20.1
	   |-- porting_lib_loot 2.3.4+1.20.1
	   |    \-- porting_lib_core 2.3.4+1.20.1
	   |-- porting_lib_networking 2.3.4+1.20.1
	   |    \-- porting_lib_core 2.3.4+1.20.1
	   |-- porting_lib_recipe_book_categories 2.3.4+1.20.1
	   |    \-- porting_lib_core 2.3.4+1.20.1
	   |-- porting_lib_tags 3.0
	   |    \-- porting_lib_core 2.3.4+1.20.1
	   \-- porting_lib_tool_actions 2.3.4+1.20.1
	        \-- porting_lib_core 2.3.4+1.20.1
	- ferritecore 6.0.1
	- festive_delight 1.0.0
	- forgeconfigapiport 8.0.0
	- friendlyfire 18.0.7
	- fwaystones 3.3.2+mc1.20.1
	- fzzy_config 0.4.3+1.20.1
	   |-- fabric-permissions-api-v0 0.3.1
	   \-- net_peanuuutz_tomlkt_tomlkt-jvm 0.3.7
	- gazebo 1.1.1+1.20.1
	   \-- com_github_zsoltmolnarrr_tinyconfig 2.3.2
	- geckolib 4.4.9
	   \-- com_eliotlash_mclib_mclib 20
	- graveyard 3.0
	- iceberg 1.1.18
	- illagerinvasion 8.0.6
	   \-- extensibleenums 7.0.1
	- jade 11.11.0+fabric
	- jadeaddons 5.3.1+fabric
	- java 17
	- jewelry 1.3.7+1.20.1
	   \-- com_github_zsoltmolnarrr_tinyconfig 2.3.2
	- kiwi 11.6.2
	- konkrete 1.8.1
	- libertyvillagers 1.0.15.1+fabric+1.20.1
	   \-- server_translations_api 2.0.0+1.20
	        \-- packet_tweaker 0.4.0+1.19.4
	- libraryferret 4.0.0
	- lithium 0.11.2
	- lithostitched 1.3.0
	- melody 1.0.3
	- memoryleakfix 1.1.2
	- mes 1.3.1-1.20-fabric
	- minecells 1.8.5
	   \-- gimm1q 0.6.1+1.20.1
	- minecraft 1.20.1
	- mixintrace 1.1.1+1.17
	- mns 1.0.1-1.20-fabric
	- modernfix 5.19.4+mc1.20.1
	- moonlight 1.20-2.13.0
	   \-- mixinextras 0.3.6
	- mr_remove_terralithintromessage 1.0
	- naturalist 4.0.3
	- no-shield-delay 1.0.1
	   |-- com_electronwill_night-config_core 3.8.1
	   \-- com_electronwill_night-config_toml 3.8.1
	- nochatreports 1.20.1-v2.2.2
	   |-- fabric-rendering-v1 3.0.6+b3afc78b82
	   \-- fabric-screen-api-v1 2.0.6+b3afc78b82
	- owo 0.11.2+1.20
	- paladins 1.3.1+1.20.1
	   \-- com_github_zsoltmolnarrr_tinyconfig 2.3.2
	- passablefoliage 1.20.1-fabric-8.2.1
	- paxi 1.20-Fabric-4.0
	- philipsruins 1.20.1
	- player-animator 1.0.2-rc1+1.20
	- puzzleslib 8.1.23
	- ranged_weapon_api 1.1.4+1.20.1
	- redirector 1.20.1-4.4.0
	- resourcefulconfig 2.1.2
	- resourcefullib 2.1.29
	   |-- com_teamresourceful_bytecodecs 1.0.2
	   \-- com_teamresourceful_yabn 1.0.3
	- rogues 1.1.0+1.20.1
	   \-- com_github_zsoltmolnarrr_tinyconfig 2.3.2
	- runes 0.9.13+1.20.1
	- shield_api 1.0.1+1.20.1
	- smarterfarmers 1.20-2.1.0
	   \-- mixinextras 0.3.6
	- smwyg 1.1.1
	- spark 1.10.53
	- spell_engine 0.15.11+1.20.1
	   \-- com_github_zsoltmolnarrr_tinyconfig 2.3.2
	- spell_power 0.12.0+1.20.1
	   \-- com_github_zsoltmolnarrr_tinyconfig 2.3.2
	- starterkit 7.1
	- structory 1.3.5
	- structory_towers 1.0.7
	- structure_pool_api 1.0+1.20.1
	- structureessentials 1.20.1-3.4
	- supplementaries 1.20-2.8.17
	   |-- mixinextras 0.3.6
	   \-- mixinsquared 0.1.1
	- t_and_t 1.12
	- tectonic 2.4.1b
	- terralith 2.5.4
	- trinkets 3.7.2
	- variablespawnerhardness 1.20.1-1.2.2
	- villagernames 4.5.2
	- villagersplus 3.1
	- villagespawnpoint 4.4
	- waveycapes 1.4.9
	- wits 1.1.0+1.20.1-fabric
	- wizards 1.3.0+1.20.1
	   \-- com_github_zsoltmolnarrr_tinyconfig 2.3.2
	- xaerominimap 24.4.0
	- xaeroworldmap 1.39.0
	- yet_another_config_lib_v3 3.5.0+1.20.1-fabric
	   |-- com_twelvemonkeys_common_common-image 3.10.0
	   |-- com_twelvemonkeys_common_common-io 3.10.0
	   |-- com_twelvemonkeys_common_common-lang 3.10.0
	   |-- com_twelvemonkeys_imageio_imageio-core 3.10.0
	   |-- com_twelvemonkeys_imageio_imageio-metadata 3.10.0
	   |-- com_twelvemonkeys_imageio_imageio-webp 3.10.0
	   |-- org_quiltmc_parsers_gson 0.2.1
	   \-- org_quiltmc_parsers_json 0.2.1
	- yigd 2.0.6
	   \-- libgui 8.1.1+1.20.1
	        |-- jankson 6.0.0+j1.2.3
	        \-- libninepatch 1.2.0
	- yosbr 0.1.2
	- yungsapi 1.20-Fabric-4.0.5
	   \-- org_javassist_javassist 3.29.2-GA
	- yungsbridges 1.20-Fabric-4.0.3
[18:16:22] [main/INFO]: Applying default options... (YOSBR)
[18:16:22] [main/INFO]: Applying default options for /options.txt from /config/yosbr/options.txt
[18:16:22] [main/INFO]: SpongePowered MIXIN Subsystem Version=0.8.5 Source=file:/workspaces/Dungeon/servidor_minecraft/libraries/net/fabricmc/sponge-mixin/0.13.3+mixin.0.8.5/sponge-mixin-0.13.3+mixin.0.8.5.jar Service=Knot/Fabric Env=SERVER
[18:16:22] [main/INFO]: Compatibility level set to JAVA_17
[18:16:23] [main/INFO]: Preloading Debugify
[18:16:23] [main/WARN]: Reference map 'gazebo-refmap.json' for gazebo.mixins.json could not be read. If this is a development environment you can ignore this message
[18:16:23] [main/WARN]: Reference map 'graveyard-FABRIC-fabric-refmap.json' for graveyard-fabric.mixins.json could not be read. If this is a development environment you can ignore this message
[18:16:23] [main/INFO]: Loaded configuration file for Lithium: 115 options available, 1 override(s) found
[18:16:23] [main/INFO]: Loaded configuration file for ModernFix 5.19.4+mc1.20.1: 61 options available, 1 override(s) found
[18:16:23] [main/WARN]: Option 'mixin.perf.dynamic_resources' overriden (by user configuration) to 'true'
[18:16:23] [main/INFO]: Applying Nashorn fix
[18:16:23] [main/WARN]: Reference map 'philipsruins-refmap.json' for philipsruins.mixins.json could not be read. If this is a development environment you can ignore this message
[18:16:23] [main/WARN]: Reference map 'starterkit_fabric.refmap.json' for starterkit_fabric.mixins.json could not be read. If this is a development environment you can ignore this message
[18:16:23] [main/WARN]: Reference map 'wits-common-refmap.json' for wits-common.mixins.json could not be read. If this is a development environment you can ignore this message
[18:16:23] [main/WARN]: Error loading class: net/minecraft/class_906 (java.lang.ClassNotFoundException: net/minecraft/class_906)
[18:16:23] [main/WARN]: @Mixin target net.minecraft.class_906 was not found porting_lib_tool_actions.mixins.json:FishingHookRendererMixin from mod porting_lib_tool_actions
[18:16:24] [main/WARN]: Error loading class: net/minecraft/class_5272 (java.lang.ClassNotFoundException: net/minecraft/class_5272)
[18:16:24] [main/WARN]: @Mixin target net.minecraft.class_5272 was not found libertyvillagers.mixins.json:ModelPredicateProviderRegistryMixin from mod libertyvillagers
[18:16:24] [main/WARN]: Force-disabling mixin 'alloc.blockstate.StateMixin' as rule 'mixin.alloc.blockstate' (added by mods [ferritecore]) disables it and children
[18:16:24] [main/WARN]: Error loading class: net/minecraft/class_337$1 (java.lang.ClassNotFoundException: net/minecraft/class_337$1)
[18:16:24] [main/WARN]: @Mixin target net/minecraft/class_337$1 was not found minecells.mixins.json:client.hud.BossBarUpdaterMixin from mod minecells
[18:16:24] [main/WARN]: Error loading class: fr/catcore/server/translations/api/resource/language/SystemDelegatedLanguage (java.lang.ClassNotFoundException: fr/catcore/server/translations/api/resource/language/SystemDelegatedLanguage)
[18:16:24] [main/INFO]: Loaded config for: structureessentials.json
[18:16:24] [main/WARN]: Error loading class: com/beansgalaxy/backpacks/compat/TrinketsRegistry$1 (java.lang.ClassNotFoundException: com/beansgalaxy/backpacks/compat/TrinketsRegistry$1)
[18:16:24] [main/WARN]: Error loading class: com/tiviacz/travelersbackpack/compat/trinkets/TravelersBackpackTrinket (java.lang.ClassNotFoundException: com/tiviacz/travelersbackpack/compat/trinkets/TravelersBackpackTrinket)
[18:16:24] [main/INFO]: [MemoryLeakFix] Will be applying 1 memory leak fixes!
[18:16:24] [main/INFO]: [MemoryLeakFix] Currently enabled memory leak fixes: [biomeTemperatureLeak]
[18:16:24] [main/WARN]: Error loading class: org/jetbrains/annotations/ApiStatus$Internal (java.lang.ClassNotFoundException: org/jetbrains/annotations/ApiStatus$Internal)
[18:16:24] [main/WARN]: Error loading class: net/minecraft/class_314 (java.lang.ClassNotFoundException: net/minecraft/class_314)
[18:16:24] [main/WARN]: @Mixin target net.minecraft.class_314 was not found mixins.mm.json:net.minecraft.class_314 from mod mm
[18:16:24] [main/INFO]: Initializing MixinExtras via com.llamalad7.mixinextras.service.MixinExtrasServiceImpl(version=0.3.6).
[18:16:25] [main/INFO]: Mixing common.MixinFriendlyByteBuf from mixins/common/nochatreports.mixins.json into net.minecraft.class_2540
[18:16:25] [main/INFO]: Renaming synthetic method lambda$onWriteJsonWithCodec$1(Ljava/lang/Object;Ljava/lang/String;)Lio/netty/handler/codec/EncoderException; to mdabd72b$nochatreports$lambda$onWriteJsonWithCodec$1$0 in mixins/common/nochatreports.mixins.json:common.MixinFriendlyByteBuf from mod nochatreports
[18:16:25] [main/INFO]: Renaming synthetic method lambda$onReadJsonWithCodec$0(Ljava/lang/String;)Lio/netty/handler/codec/DecoderException; to mdabd72b$nochatreports$lambda$onReadJsonWithCodec$0$1 in mixins/common/nochatreports.mixins.json:common.MixinFriendlyByteBuf from mod nochatreports
[18:16:26] [main/WARN]: @Inject(@At("INVOKE")) Shift.BY=2 on porting_lib_entity.mixins.json:common.LivingEntityMixin from mod porting_lib_entity::handler$dgo000$porting_lib_entity$port_lib$onFinishUsing exceeds the maximum allowed value: 0. Increase the value of maxShiftBy to suppress this warning.
[18:16:26] [main/INFO]: Injecting BlockStateBase cache population hook into getNeighborPathNodeType from me.jellysquid.mods.lithium.mixin.ai.pathing.AbstractBlockStateMixin
[18:16:26] [main/INFO]: Injecting BlockStateBase cache population hook into getPathNodeType from me.jellysquid.mods.lithium.mixin.ai.pathing.AbstractBlockStateMixin
[18:16:26] [main/INFO]: Injecting BlockStateBase cache population hook into getAllFlags from me.jellysquid.mods.lithium.mixin.util.block_tracking.AbstractBlockStateMixin
[18:16:27] [main/WARN]: Error loading class: org/spongepowered/asm/synthetic/args/Args$3 (java.lang.ClassNotFoundException: org/spongepowered/asm/synthetic/args/Args$3)
[18:16:27] [main/WARN]: @Redirect conflict. Skipping redirector.mixins.json:net.minecraft.world.level.block.piston.PistonBaseBlockMixin from mod redirector->@Redirect::redirectDirections()[Lnet/minecraft/class_2350; with priority 10, already redirected by lithium.mixins.json:alloc.enum_values.piston_block.PistonBlockMixin from mod lithium->@Redirect::removeAllocation()[Lnet/minecraft/class_2350; with priority 1000
[18:16:27] [main/WARN]: @Redirect conflict. Skipping redirector.mixins.json:net.minecraft.world.level.block.piston.PistonBaseBlockMixin from mod redirector->@Redirect::redirectDirections()[Lnet/minecraft/class_2350; with priority 10, already redirected by lithium.mixins.json:alloc.enum_values.piston_block.PistonBlockMixin from mod lithium->@Redirect::removeAllocation()[Lnet/minecraft/class_2350; with priority 1000
[18:16:27] [main/WARN]: @Redirect conflict. Skipping redirector.mixins.json:net.minecraft.world.level.block.RedStoneWireBlockMixin from mod redirector->@Redirect::redirectDirections()[Lnet/minecraft/class_2350; with priority 10, already redirected by lithium.mixins.json:alloc.enum_values.redstone_wire.RedstoneWireBlockMixin from mod lithium->@Redirect::removeAllocation1()[Lnet/minecraft/class_2350; with priority 1000
[18:16:27] [main/WARN]: @Redirect conflict. Skipping redirector.mixins.json:net.minecraft.world.level.block.RedStoneWireBlockMixin from mod redirector->@Redirect::redirectDirections()[Lnet/minecraft/class_2350; with priority 10, already redirected by lithium.mixins.json:alloc.enum_values.redstone_wire.RedstoneWireBlockMixin from mod lithium->@Redirect::removeAllocation2()[Lnet/minecraft/class_2350; with priority 1000
[18:16:28] [main/WARN]: Method overwrite conflict for itemStack in spell_engine.mixins.json:ItemStackMixin from mod spell_engine, previously written by net.dungeon_difficulty.mixin.ItemStackMixin. Skipping method.
[18:16:30] [main/INFO]: Mixing server.MixinServerGamePacketListenerImpl from mixins/common/nochatreports.mixins.json into net.minecraft.class_3244
[18:16:31] [main/WARN]: Method overwrite conflict for method_21740 in modernfix-common.mixins.json:perf.remove_biome_temperature_cache.BiomeMixin from mod modernfix, previously written by me.jellysquid.mods.lithium.mixin.world.temperature_cache.BiomeMixin. Skipping method.
[18:16:31] [main/INFO]: Vanilla bootstrap took 6750 milliseconds
[18:16:32] [main/INFO]: [bclib] Added Config betternether.main to auto sync (file hash)
[18:16:32] [main/INFO]: [bclib] Added Config betternether.generator to auto sync (file hash)
[18:16:32] [main/INFO]: [bclib] Added Config betternether.blocks to auto sync (file hash)
[18:16:32] [main/INFO]: [bclib] Added Config betternether.items to auto sync (file hash)
[18:16:32] [main/INFO]: [bclib] Added Config betternether.biomes to auto sync (file hash)
[18:16:32] [main/INFO]: [bclib] Added Config betternether.mobs to auto sync (file hash)
[18:16:32] [main/INFO]: [bclib] Added Config betternether.recipes to auto sync (file hash)
[18:16:32] [main/WARN]: [bclib] Recipe betternether:bone_block_bone_button only takes in a single item and should be shapeless
[18:16:32] [main/INFO]: Loaded config for: armordamagescale.json
[18:16:32] [main/INFO]: armordamagescale mod initialized
[18:16:32] [main/INFO]: Async Locator -> Config file found
[18:16:32] [main/INFO]: Async Locator -> Configs:
Locator Threads: 1
Remove Offer: false
Dolphin Treasure Enabled: true
Eye Of Ender Enabled: true
Exploration Map Enabled: true
Locate Command Enabled: true
Villager Trade Enabled: true
[18:16:33] [main/INFO]: Constructing common components for bagofholding:main
[18:16:33] [main/INFO]: Loading common config for bagofholding
[18:16:33] [main/INFO]: [bclib] Added Config bclib.generator to auto sync (file hash)
[18:16:33] [main/INFO]: [bclib] Added Config bclib.main to auto sync (content diff)
[18:16:33] [main/INFO]: [bclib] Added Config bclib.biomes to auto sync (file hash)
[18:16:33] [main/INFO]: Reflections took 42 ms to scan 1 urls, producing 1 keys and 2 values
[18:16:33] [main/INFO]: Reflections took 3 ms to scan 1 urls, producing 1 keys and 2 values
[18:16:33] [main/INFO]: Reflections took 3 ms to scan 1 urls, producing 1 keys and 3 values
[18:16:33] [main/INFO]: Reflections took 3 ms to scan 1 urls, producing 1 keys and 3 values
[18:16:33] [main/INFO]: [bclib] Added Config betterend.entities to auto sync (file hash)
[18:16:33] [main/INFO]: [bclib] Added Config betterend.blocks to auto sync (file hash)
[18:16:33] [main/INFO]: [bclib] Added Config betterend.items to auto sync (file hash)
[18:16:33] [main/INFO]: [bclib] Added Config betterend.biomes to auto sync (file hash)
[18:16:33] [main/INFO]: [bclib] Added Config betterend.recipes to auto sync (file hash)
[18:16:33] [main/INFO]: [bclib] Added Config betterend.enchantments to auto sync (file hash)
[18:16:33] [pool-2-thread-1/INFO]: Reloading common config for bagofholding
[18:16:34] [main/INFO]: Reflections took 1 ms to scan 1 urls, producing 1 keys and 2 values
[18:16:34] [main/INFO]: Reflections took 1 ms to scan 1 urls, producing 1 keys and 2 values
[18:16:34] [main/INFO]: Reflections took 1 ms to scan 1 urls, producing 1 keys and 1 values
[18:16:34] [main/INFO]: Reflections took 1 ms to scan 1 urls, producing 1 keys and 1 values
[18:16:34] [main/INFO]: Reflections took 1 ms to scan 1 urls, producing 1 keys and 3 values
[18:16:34] [main/INFO]: Reflections took 2 ms to scan 1 urls, producing 1 keys and 3 values
[18:16:34] [main/INFO]: Reflections took 1 ms to scan 1 urls, producing 1 keys and 2 values
[18:16:34] [main/INFO]: Reflections took 1 ms to scan 1 urls, producing 1 keys and 2 values
[18:16:34] [main/INFO]: [betternether] =^..^=    BetterNether for 1.20    =^..^=
[18:16:34] [main/WARN]: @Redirect conflict. Skipping redirector.mixins.json:net.minecraft.world.level.block.state.CacheMixin from mod redirector->@Redirect::redirectSupportTypes()[Lnet/minecraft/class_5431; with priority 10, already redirected by modernfix-common.mixins.json:perf.cache_blockstate_cache_arrays.AbstractBlockStateCacheMixin from mod modernfix->@Redirect::getVoxelShapeValues()[Lnet/minecraft/class_5431; with priority 1000
[18:16:34] [main/INFO]: Reflections took 1 ms to scan 1 urls, producing 1 keys and 1 values
[18:16:34] [main/INFO]: Reflections took 1 ms to scan 1 urls, producing 1 keys and 1 values
[18:16:34] [main/INFO]: Reflections took 1 ms to scan 1 urls, producing 1 keys and 2 values
[18:16:34] [main/INFO]: Reflections took 2 ms to scan 1 urls, producing 1 keys and 2 values
[18:16:34] [main/INFO]: Reflections took 1 ms to scan 1 urls, producing 1 keys and 1 values
[18:16:34] [main/INFO]: Reflections took 1 ms to scan 1 urls, producing 1 keys and 1 values
[18:16:34] [main/INFO]: biomemusic mod initialized
[18:16:34] [main/INFO]: Fixing MC-151457. Crafting remainder for minecraft:pufferfish_bucket is now minecraft:bucket.
[18:16:34] [main/INFO]: Fixing MC-151457. Crafting remainder for minecraft:salmon_bucket is now minecraft:bucket.
[18:16:34] [main/INFO]: Fixing MC-151457. Crafting remainder for minecraft:cod_bucket is now minecraft:bucket.
[18:16:34] [main/INFO]: Fixing MC-151457. Crafting remainder for minecraft:tropical_fish_bucket is now minecraft:bucket.
[18:16:34] [main/INFO]: Fixing MC-151457. Crafting remainder for minecraft:axolotl_bucket is now minecraft:bucket.
[18:16:34] [main/INFO]: Fixing MC-151457. Crafting remainder for minecraft:powder_snow_bucket is now minecraft:bucket.
[18:16:34] [main/INFO]: Fixing MC-151457. Crafting remainder for minecraft:tadpole_bucket is now minecraft:bucket.
[18:16:34] [main/INFO]: Loading Collective version 7.84.
[18:16:34] [main/INFO]: Loaded config for: cupboard.json
[18:16:34] [main/INFO]: Saving config because the loaded bug fixes are different to stored json.
[18:16:34] [main/INFO]: Saving Debugify
[18:16:34] [main/INFO]: Enabled 2 bug fixes: [MC-89146, MC-199467]
[18:16:34] [main/INFO]: Successfully Debugify'd your game!
[18:16:34] [main/INFO]: Loaded config dummmmmmy-common.json
[18:16:34] [main/WARN]: Lithium detected. MmmMmmMmmMmm scarecrow mode has been disabled as lithium doesnt have a way to add goals to new entities
[18:16:34] [main/INFO]: Hello Fabric world!
[18:16:34] [main/INFO]: Constructing common components for easyanvils:main
[18:16:34] [main/INFO]: Constructing common components for easymagic:main
[18:16:36] [main/INFO]: Initializing FestiveDelightMod
[18:16:36] [main/INFO]: Loaded config file.
[18:16:36] [main/INFO]: Saved config file.
[18:16:36] [main/INFO]: Is initializing.
[18:16:36] [main/INFO]: Has successfully been initialized.
[18:16:36] [main/INFO]: Initializing Gimm1q - Mim1q's Fabric modding library!
[18:16:36] [main/INFO]: Registered JSON trade offer adapter.
[18:16:36] [main/INFO]: Constructing common components for illagerinvasion:main
[18:16:36] [main/INFO]: Processing 4 KiwiModule annotations
[18:16:36] [main/INFO]: Module [kiwi:contributors] initialized
[18:16:36] [main/INFO]: Module [passablefoliage:core] initialized
[18:16:36] [main/INFO]: Module [kiwi:data] initialized
[18:16:36] [main/INFO]: 		recipe_serializer: 3
[18:16:36] [main/INFO]: Module [passablefoliage:enchantment] initialized
[18:16:36] [main/INFO]: 		enchantment: 1
[18:16:36] [main/INFO]: [KONKRETE] Successfully initialized!
[18:16:36] [main/INFO]: [KONKRETE] Server-side libs ready to use!
[18:16:36] [main/INFO]: Initialize mod Library Ferret
[18:16:36] [main/INFO]: Initialized mod Library Ferret
[18:16:36] [main/INFO]: [MELODY] Disabling Melody since it's loaded server-side.
[18:16:37] [main/INFO]: Definitely not up to no good
[18:16:37] [main/INFO]: Reading config file for no-shield-delay
[18:16:37] [main/INFO]: Enabled: true, Raise Time: 0
[18:16:37] [main/INFO]: Finished Initializing no-shield-delay
[18:16:37] [main/INFO]: KONNICHIWA ZA WARUDO!
[18:16:37] [main/INFO]: Default JVM text encoding is: UTF-8
[18:16:37] [main/INFO]: Reading config file NoChatReports/NCR-Common.json...
[18:16:37] [main/INFO]: Writing config file NoChatReports/NCR-Common.json...
[18:16:37] [main/INFO]: Noaaan: It's surprising how much knowledge is lost by the simple fact that people don't know it
[18:16:37] [main/INFO]: Constructing common components for puzzlesapi:iteminteractions
[18:16:37] [main/INFO]: Constructing common components for puzzlesapi:slotcycling
[18:16:37] [main/INFO]: Constructing common components for puzzlesapi:limitlesscontainers
[18:16:37] [main/INFO]: Constructing common components for puzzlesapi:statues
[18:16:37] [main/INFO]: Constructing common components for puzzleslib:main
[18:16:37] [main/INFO]: Shield API initialized!
[18:16:37] [main/INFO]: structureessentials mod initialized
[18:16:37] [main/INFO]: Loaded config supplementaries-common.json
[18:16:38] [main/INFO]: VariableSpawnerHardness loading
[18:16:38] [main/INFO]: Registered JSON trade offer adapter.
[18:16:38] [main/INFO]: Reflections took 3 ms to scan 1 urls, producing 1 keys and 4 values
[18:16:38] [main/INFO]: Reflections took 3 ms to scan 1 urls, producing 1 keys and 4 values
[18:16:38] [main/INFO]: Reflections took 1 ms to scan 1 urls, producing 1 keys and 2 values
[18:16:38] [main/INFO]: Reflections took 1 ms to scan 1 urls, producing 1 keys and 2 values
[18:16:38] [main/INFO]: Initialized block sets in 15ms
[18:16:38] [main/INFO]: Loaded config smarterfarmers-common.json
[18:16:38] [main/INFO]: Initialized color sets in 48ms
[18:16:38] [main/INFO]: Finished mod setup in: [0, 0, 0, 0, 0, 0, 13, 8, 1] ms
[18:16:38] [main/INFO]: Loading Xaero's Minimap - Stage 1/2 (Server)
[18:16:38] [main/INFO]: Loading Xaero's World Map - Stage 1/2 (Server)
[18:16:39] [main/INFO]: Environment: authHost='https://authserver.mojang.com', accountsHost='https://api.mojang.com', sessionHost='https://sessionserver.mojang.com', servicesHost='https://api.minecraftservices.com', name='PROD'
[18:16:39] [main/INFO]: Bypassed Mojang DFU
[18:16:39] [main/INFO]: Found new data pack Supplementaries Generated Pack, loading it automatically
[18:16:39] [main/INFO]: Found new data pack tectonic/terratonic, loading it automatically
[18:16:39] [main/INFO]: Generated runtime SERVER_DATA for pack Supplementaries Generated Pack (supplementaries) in: 27 ms
[18:16:39] [main/INFO]: [bclib] Did not manage biome betterend:empty_aurora_cave
[18:16:39] [main/INFO]: [bclib] Did not manage biome betterend:empty_end_cave
[18:16:39] [main/INFO]: [bclib] Did not manage biome betterend:empty_smaragdant_cave
[18:16:39] [main/INFO]: [bclib] Did not manage biome betterend:jade_cave
[18:16:39] [main/INFO]: [bclib] Did not manage biome betterend:lush_aurora_cave
[18:16:39] [main/INFO]: [bclib] Did not manage biome betterend:lush_smaragdant_cave
[18:16:39] [main/INFO]: [bclib] Did not manage biome betterend:megalake_grove
[18:16:39] [main/INFO]: [bclib] Did not manage biome betterend:neon_oasis
[18:16:39] [main/INFO]: [bclib] Did not manage biome betterend:painted_mountains
[18:16:40] [main/INFO]: Structure placement for `awesomedungeon:abandoned_oak_palace/start_pool`: { spacing: 50, separation: 25, salt: 1694767080, useValueFromConfiguration: true}
[18:16:40] [main/INFO]: Structure placement for `awesomedungeonend:aws_all_end_structures/start_pool`: { spacing: 20, separation: 15, salt: 49082056, useValueFromConfiguration: true}
[18:16:40] [main/INFO]: Structure placement for `awesomedungeon:better_default_jungle_temple/start_pool`: { spacing: 50, separation: 25, salt: 1654787080, useValueFromConfiguration: true}
[18:16:40] [main/INFO]: Structure placement for `awesomedungeonocean:brigantine/start_pool`: { spacing: 25, separation: 10, salt: 294215156, useValueFromConfiguration: true}
[18:16:40] [main/INFO]: Structure placement for `awesomedungeon:desert_temple_husk/start_pool`: { spacing: 50, separation: 25, salt: 1394767080, useValueFromConfiguration: true}
[18:16:40] [main/INFO]: Structure placement for `awesomedungeonocean:frigate_large/start_pool`: { spacing: 25, separation: 10, salt: 354415156, useValueFromConfiguration: true}
[18:16:40] [main/INFO]: Structure placement for `awesomedungeonocean:frigate_medium/start_pool`: { spacing: 25, separation: 10, salt: 474155156, useValueFromConfiguration: true}
[18:16:40] [main/INFO]: Structure placement for `awesomedungeon:jungle_giant_tree/start_pool`: { spacing: 50, separation: 25, salt: 1494763380, useValueFromConfiguration: true}
[18:16:40] [main/INFO]: Structure placement for `awesomedungeon:mushroom_abandonned/start_pool`: { spacing: 50, separation: 25, salt: 1494227080, useValueFromConfiguration: true}
[18:16:40] [main/INFO]: Structure placement for `awesomedungeonnether:nth_absi_palace/start_pool`: { spacing: 50, separation: 25, salt: 19482856, useValueFromConfiguration: true}
[18:16:40] [main/INFO]: Structure placement for `awesomedungeonnether:nth_accum_quad/start_pool`: { spacing: 50, separation: 25, salt: 28482856, useValueFromConfiguration: true}
[18:16:40] [main/INFO]: Structure placement for `awesomedungeonnether:nth_blaze_tower/start_pool`: { spacing: 50, separation: 25, salt: 37482856, useValueFromConfiguration: true}
[18:16:40] [main/INFO]: Structure placement for `awesomedungeonnether:nth_center_square/start_pool`: { spacing: 50, separation: 25, salt: 46482856, useValueFromConfiguration: true}
[18:16:40] [main/INFO]: Structure placement for `awesomedungeonnether:nth_giant_crimson_tree/start_pool`: { spacing: 50, separation: 25, salt: 55482856, useValueFromConfiguration: true}
[18:16:40] [main/INFO]: Structure placement for `awesomedungeonnether:nth_obsi_house/start_pool`: { spacing: 50, separation: 25, salt: 64482856, useValueFromConfiguration: true}
[18:16:40] [main/INFO]: Structure placement for `awesomedungeonocean:ocean_cage/start_pool`: { spacing: 25, separation: 10, salt: 40842806, useValueFromConfiguration: true}
[18:16:40] [main/INFO]: Structure placement for `awesomedungeonocean:ocean_quad/start_pool`: { spacing: 25, separation: 10, salt: 254835856, useValueFromConfiguration: true}
[18:16:40] [main/INFO]: Structure placement for `awesomedungeonocean:ocean_ruin_pillager/start_pool`: { spacing: 25, separation: 10, salt: 254145856, useValueFromConfiguration: true}
[18:16:40] [main/INFO]: Structure placement for `awesomedungeonocean:ocean_ruin_vanilla_temple/start_pool`: { spacing: 25, separation: 10, salt: 25482856, useValueFromConfiguration: true}
[18:16:40] [main/INFO]: Structure placement for `awesomedungeonocean:ocean_temple_quad/start_pool`: { spacing: 25, separation: 10, salt: 35482856, useValueFromConfiguration: true}
[18:16:40] [main/INFO]: Structure placement for `awesomedungeonocean:ocean_the_column_temple/start_pool`: { spacing: 25, separation: 10, salt: 15482856, useValueFromConfiguration: true}
[18:16:40] [main/INFO]: Structure placement for `awesomedungeonocean:ocean_warn_temple/start_pool`: { spacing: 25, separation: 10, salt: 45482856, useValueFromConfiguration: true}
[18:16:40] [main/INFO]: Structure placement for `awesomedungeon:swamp_big_temple/start_pool`: { spacing: 50, separation: 25, salt: 1594763280, useValueFromConfiguration: true}
[18:16:40] [main/INFO]: Structure placement for `awesomedungeon:the_usine/start_pool`: { spacing: 50, separation: 25, salt: 1694767078, useValueFromConfiguration: true}
[18:16:40] [main/INFO]: Structure placement for `awesomedungeon:t_z_tower/start_pool`: { spacing: 50, separation: 25, salt: 1794767078, useValueFromConfiguration: true}
[18:16:40] [main/INFO]: Structure placement for `awesomedungeon:witch_castle/start_pool`: { spacing: 50, separation: 25, salt: 1894776078, useValueFromConfiguration: true}
[18:16:40] [main/INFO]: [bclib] Updating Pickers for BCLib - The End  BiomeSource (31438fc8)
[18:16:40] [main/INFO]: [bclib] Unable to build Biome List yet
[18:16:40] [main/INFO]: [bclib] No Void Biomes found. Disabling by using barrens
[18:16:40] [main/INFO]: [bclib] No Barrens Biomes found. Disabling by using land Biomes
[18:16:40] [main/WARN]: [bclib] No Center Island Biomes found. Forcing use of vanilla center.
[18:16:40] [main/INFO]: [bclib] Updating Pickers for BCLib - Nether BiomeSource (1d5c3d6d)
[18:16:40] [main/INFO]: [bclib] Unable to build Biome List yet
[18:16:40] [main/INFO]: [bclib] Updating Pickers for BCLib - The End  BiomeSource (559b8c9e)
[18:16:40] [main/INFO]: [bclib] Unable to build Biome List yet
[18:16:40] [main/INFO]: [bclib] No Void Biomes found. Disabling by using barrens
[18:16:40] [main/INFO]: [bclib] No Barrens Biomes found. Disabling by using land Biomes
[18:16:40] [main/WARN]: [bclib] No Center Island Biomes found. Forcing use of vanilla center.
[18:16:40] [main/INFO]: [bclib] Updating Pickers for BCLib - Nether BiomeSource (1aa6a16)
[18:16:40] [main/INFO]: [bclib] Unable to build Biome List yet
[18:16:40] [main/INFO]: [bclib] Updating Pickers for BCLib - The End  BiomeSource (4a3620ca)
[18:16:40] [main/INFO]: [bclib] Unable to build Biome List yet
[18:16:40] [main/INFO]: [bclib] No Void Biomes found. Disabling by using barrens
[18:16:40] [main/INFO]: [bclib] No Barrens Biomes found. Disabling by using land Biomes
[18:16:40] [main/WARN]: [bclib] No Center Island Biomes found. Forcing use of vanilla center.
[18:16:40] [main/INFO]: [bclib] Updating Pickers for BCLib - Nether BiomeSource (43dc5d60)
[18:16:40] [main/INFO]: [bclib] Unable to build Biome List yet
[18:16:40] [main/INFO]: [bclib] Updating Pickers for BCLib - The End  BiomeSource (3fbb4885)
[18:16:40] [main/INFO]: [bclib] Unable to build Biome List yet
[18:16:40] [main/INFO]: [bclib] No Void Biomes found. Disabling by using barrens
[18:16:40] [main/INFO]: [bclib] No Barrens Biomes found. Disabling by using land Biomes
[18:16:40] [main/WARN]: [bclib] No Center Island Biomes found. Forcing use of vanilla center.
[18:16:40] [main/INFO]: [bclib] Updating Pickers for BCLib - Nether BiomeSource (2b3975c5)
[18:16:40] [main/INFO]: [bclib] Unable to build Biome List yet
[18:16:40] [main/INFO]: [betternether] Freeze Registry[ResourceKey[minecraft:root / worlds_together:worldgen/betterx/surface_rules] (Stable)]
[18:16:40] [main/INFO]: [betternether] Freeze Registry[ResourceKey[minecraft:root / worlds_together:worldgen/betterx/surface_rules] (Stable)]
[18:16:40] [main/INFO]: [betternether] Freeze Registry[ResourceKey[minecraft:root / worlds_together:worldgen/betterx/surface_rules] (Stable)]
[18:16:40] [main/INFO]: [betternether] Freeze Registry[ResourceKey[minecraft:root / worlds_together:worldgen/betterx/surface_rules] (Stable)]
[18:16:40] [main/WARN]: [bclib] No valid BCLBiome Registry available!
[18:16:40] [main/WARN]: [bclib] No valid Biome Registry available!
[18:16:41] [main/INFO]: [betternether] Freeze Registry[ResourceKey[minecraft:root / worlds_together:worldgen/betterx/surface_rules] (Stable)]
[18:16:41] [main/INFO]: [betternether] Freeze Registry[ResourceKey[minecraft:root / worlds_together:worldgen/betterx/surface_rules] (Stable)]
[18:16:41] [main/WARN]: Method overwrite conflict for getRolls in emi_loot.mixins.json:LootPoolAccessor from mod emi_loot, previously written by net.fabricmc.fabric.mixin.loot.table.LootPoolMixin. Skipping method.
[18:16:42] [main/INFO]: parsing loot tables
[18:16:43] [main/INFO]: finished parsing loot tables
[18:16:43] [main/INFO]: [bclib] Disabling Recipe: bclib:test_star
[18:16:43] [main/ERROR]: Parsing error loading recipe supplementaries:integration/lapis_bricks_fd
com.google.gson.JsonParseException: An ingredient entry needs either a tag or an item
	at net.minecraft.class_1856.method_8107(class_1856.java:167) ~[server-intermediary.jar:?]
	at net.minecraft.class_1856.method_8102(class_1856.java:143) ~[server-intermediary.jar:?]
	at net.minecraft.class_1856.method_52177(class_1856.java:135) ~[server-intermediary.jar:?]
	at vectorwing.farmersdelight.common.crafting.CuttingBoardRecipe$Serializer.fromJson(CuttingBoardRecipe.java:176) ~[FarmersDelight-1.20.1-2.1.6+refabricated.jar:?]
	at vectorwing.farmersdelight.common.crafting.CuttingBoardRecipe$Serializer.method_8121(CuttingBoardRecipe.java:166) ~[FarmersDelight-1.20.1-2.1.6+refabricated.jar:?]
	at net.minecraft.class_1863.method_17720(class_1863.java:135) ~[server-intermediary.jar:?]
	at net.minecraft.class_1863.method_20705(class_1863.java:56) ~[server-intermediary.jar:?]
	at net.minecraft.class_1863.method_18788(class_1863.java:35) ~[server-intermediary.jar:?]
	at net.minecraft.class_4080.method_18790(class_4080.java:13) ~[server-intermediary.jar:?]
	at java.util.concurrent.CompletableFuture$UniAccept.tryFire(CompletableFuture.java:718) ~[?:?]
	at java.util.concurrent.CompletableFuture$Completion.run(CompletableFuture.java:482) ~[?:?]
	at net.minecraft.class_4014.method_18365(class_4014.java:69) ~[server-intermediary.jar:?]
	at net.minecraft.class_156.method_43498(class_156.java:950) ~[server-intermediary.jar:?]
	at net.minecraft.class_156.method_43499(class_156.java:938) ~[server-intermediary.jar:?]
	at net.minecraft.server.Main.main(Main.java:160) ~[server-intermediary.jar:?]
	at net.fabricmc.loader.impl.game.minecraft.MinecraftGameProvider.launch(MinecraftGameProvider.java:470) ~[fabric-loader-0.15.11.jar:?]
	at net.fabricmc.loader.impl.launch.knot.Knot.launch(Knot.java:74) ~[fabric-loader-0.15.11.jar:?]
	at net.fabricmc.loader.impl.launch.knot.KnotServer.main(KnotServer.java:23) ~[fabric-loader-0.15.11.jar:?]
	at net.fabricmc.loader.impl.launch.server.FabricServerLauncher.main(FabricServerLauncher.java:69) ~[fabric-loader-0.15.11.jar:?]
	at net.fabricmc.installer.ServerLauncher.main(ServerLauncher.java:69) ~[fabric-server-launch.jar:1.0.1]
[18:16:43] [main/ERROR]: Parsing error loading recipe supplementaries:integration/ash_bricks_fd
com.google.gson.JsonParseException: An ingredient entry needs either a tag or an item
	at net.minecraft.class_1856.method_8107(class_1856.java:167) ~[server-intermediary.jar:?]
	at net.minecraft.class_1856.method_8102(class_1856.java:143) ~[server-intermediary.jar:?]
	at net.minecraft.class_1856.method_52177(class_1856.java:135) ~[server-intermediary.jar:?]
	at vectorwing.farmersdelight.common.crafting.CuttingBoardRecipe$Serializer.fromJson(CuttingBoardRecipe.java:176) ~[FarmersDelight-1.20.1-2.1.6+refabricated.jar:?]
	at vectorwing.farmersdelight.common.crafting.CuttingBoardRecipe$Serializer.method_8121(CuttingBoardRecipe.java:166) ~[FarmersDelight-1.20.1-2.1.6+refabricated.jar:?]
	at net.minecraft.class_1863.method_17720(class_1863.java:135) ~[server-intermediary.jar:?]
	at net.minecraft.class_1863.method_20705(class_1863.java:56) ~[server-intermediary.jar:?]
	at net.minecraft.class_1863.method_18788(class_1863.java:35) ~[server-intermediary.jar:?]
	at net.minecraft.class_4080.method_18790(class_4080.java:13) ~[server-intermediary.jar:?]
	at java.util.concurrent.CompletableFuture$UniAccept.tryFire(CompletableFuture.java:718) ~[?:?]
	at java.util.concurrent.CompletableFuture$Completion.run(CompletableFuture.java:482) ~[?:?]
	at net.minecraft.class_4014.method_18365(class_4014.java:69) ~[server-intermediary.jar:?]
	at net.minecraft.class_156.method_43498(class_156.java:950) ~[server-intermediary.jar:?]
	at net.minecraft.class_156.method_43499(class_156.java:938) ~[server-intermediary.jar:?]
	at net.minecraft.server.Main.main(Main.java:160) ~[server-intermediary.jar:?]
	at net.fabricmc.loader.impl.game.minecraft.MinecraftGameProvider.launch(MinecraftGameProvider.java:470) ~[fabric-loader-0.15.11.jar:?]
	at net.fabricmc.loader.impl.launch.knot.Knot.launch(Knot.java:74) ~[fabric-loader-0.15.11.jar:?]
	at net.fabricmc.loader.impl.launch.knot.KnotServer.main(KnotServer.java:23) ~[fabric-loader-0.15.11.jar:?]
	at net.fabricmc.loader.impl.launch.server.FabricServerLauncher.main(FabricServerLauncher.java:69) ~[fabric-loader-0.15.11.jar:?]
	at net.fabricmc.installer.ServerLauncher.main(ServerLauncher.java:69) ~[fabric-server-launch.jar:1.0.1]
[18:16:43] [main/ERROR]: Parsing error loading recipe betterend:guide_book
com.google.gson.JsonSyntaxException: Unknown item 'betterend:guidebook'
	at net.minecraft.class_1869.method_17878(class_1869.java:272) ~[server-intermediary.jar:?]
	at java.util.Optional.orElseThrow(Optional.java:403) ~[?:?]
	at net.minecraft.class_1869.method_8155(class_1869.java:272) ~[server-intermediary.jar:?]
	at net.minecraft.class_1869.method_35228(class_1869.java:259) ~[server-intermediary.jar:?]
	at net.minecraft.class_1869$class_1870.method_8164(class_1869.java:293) ~[server-intermediary.jar:?]
	at net.minecraft.class_1869$class_1870.method_8121(class_1869.java:279) ~[server-intermediary.jar:?]
	at net.minecraft.class_1863.method_17720(class_1863.java:135) ~[server-intermediary.jar:?]
	at net.minecraft.class_1863.method_20705(class_1863.java:56) ~[server-intermediary.jar:?]
	at net.minecraft.class_1863.method_18788(class_1863.java:35) ~[server-intermediary.jar:?]
	at net.minecraft.class_4080.method_18790(class_4080.java:13) ~[server-intermediary.jar:?]
	at java.util.concurrent.CompletableFuture$UniAccept.tryFire(CompletableFuture.java:718) ~[?:?]
	at java.util.concurrent.CompletableFuture$Completion.run(CompletableFuture.java:482) ~[?:?]
	at net.minecraft.class_4014.method_18365(class_4014.java:69) ~[server-intermediary.jar:?]
	at net.minecraft.class_156.method_43498(class_156.java:950) ~[server-intermediary.jar:?]
	at net.minecraft.class_156.method_43499(class_156.java:938) ~[server-intermediary.jar:?]
	at net.minecraft.server.Main.main(Main.java:160) ~[server-intermediary.jar:?]
	at net.fabricmc.loader.impl.game.minecraft.MinecraftGameProvider.launch(MinecraftGameProvider.java:470) ~[fabric-loader-0.15.11.jar:?]
	at net.fabricmc.loader.impl.launch.knot.Knot.launch(Knot.java:74) ~[fabric-loader-0.15.11.jar:?]
	at net.fabricmc.loader.impl.launch.knot.KnotServer.main(KnotServer.java:23) ~[fabric-loader-0.15.11.jar:?]
	at net.fabricmc.loader.impl.launch.server.FabricServerLauncher.main(FabricServerLauncher.java:69) ~[fabric-loader-0.15.11.jar:?]
	at net.fabricmc.installer.ServerLauncher.main(ServerLauncher.java:69) ~[fabric-server-launch.jar:1.0.1]
[18:16:43] [main/ERROR]: Parsing error loading recipe festive_delight:spring_rolls_craft
com.google.gson.JsonSyntaxException: Unknown item 'farmersdelight:wheat_dought'
	at net.minecraft.class_1869.method_17878(class_1869.java:272) ~[server-intermediary.jar:?]
	at java.util.Optional.orElseThrow(Optional.java:403) ~[?:?]
	at net.minecraft.class_1869.method_8155(class_1869.java:272) ~[server-intermediary.jar:?]
	at net.minecraft.class_1856.method_8107(class_1856.java:160) ~[server-intermediary.jar:?]
	at net.minecraft.class_1856.method_8102(class_1856.java:143) ~[server-intermediary.jar:?]
	at net.minecraft.class_1856.method_52177(class_1856.java:135) ~[server-intermediary.jar:?]
	at vectorwing.farmersdelight.common.crafting.CookingPotRecipe$Serializer.readIngredients(CookingPotRecipe.java:202) ~[FarmersDelight-1.20.1-2.1.6+refabricated.jar:?]
	at vectorwing.farmersdelight.common.crafting.CookingPotRecipe$Serializer.fromJson(CookingPotRecipe.java:179) ~[FarmersDelight-1.20.1-2.1.6+refabricated.jar:?]
	at vectorwing.farmersdelight.common.crafting.CookingPotRecipe$Serializer.method_8121(CookingPotRecipe.java:171) ~[FarmersDelight-1.20.1-2.1.6+refabricated.jar:?]
	at net.minecraft.class_1863.method_17720(class_1863.java:135) ~[server-intermediary.jar:?]
	at net.minecraft.class_1863.method_20705(class_1863.java:56) ~[server-intermediary.jar:?]
	at net.minecraft.class_1863.method_18788(class_1863.java:35) ~[server-intermediary.jar:?]
	at net.minecraft.class_4080.method_18790(class_4080.java:13) ~[server-intermediary.jar:?]
	at java.util.concurrent.CompletableFuture$UniAccept.tryFire(CompletableFuture.java:718) ~[?:?]
	at java.util.concurrent.CompletableFuture$Completion.run(CompletableFuture.java:482) ~[?:?]
	at net.minecraft.class_4014.method_18365(class_4014.java:69) ~[server-intermediary.jar:?]
	at net.minecraft.class_156.method_43498(class_156.java:950) ~[server-intermediary.jar:?]
	at net.minecraft.class_156.method_43499(class_156.java:938) ~[server-intermediary.jar:?]
	at net.minecraft.server.Main.main(Main.java:160) ~[server-intermediary.jar:?]
	at net.fabricmc.loader.impl.game.minecraft.MinecraftGameProvider.launch(MinecraftGameProvider.java:470) ~[fabric-loader-0.15.11.jar:?]
	at net.fabricmc.loader.impl.launch.knot.Knot.launch(Knot.java:74) ~[fabric-loader-0.15.11.jar:?]
	at net.fabricmc.loader.impl.launch.knot.KnotServer.main(KnotServer.java:23) ~[fabric-loader-0.15.11.jar:?]
	at net.fabricmc.loader.impl.launch.server.FabricServerLauncher.main(FabricServerLauncher.java:69) ~[fabric-loader-0.15.11.jar:?]
	at net.fabricmc.installer.ServerLauncher.main(ServerLauncher.java:69) ~[fabric-server-launch.jar:1.0.1]
[18:16:43] [main/INFO]: Loaded 18 recipes
[18:16:43] [main/INFO]: Loaded 3633 advancements
[18:16:43] [main/INFO]: Reloading Spawner Rune data...
[18:16:43] [main/WARN]: Could not decode GlobalLootModifier with json id supplementaries:ash_from_burning_mobs - error: Unknown registry key in ResourceKey[minecraft:root / porting_lib:global_loot_modifier_serializers]: moonlight:add_item
[18:16:43] [main/WARN]: Could not decode GlobalLootModifier with json id supplementaries:straw_from_flax - error: Unknown registry key in ResourceKey[minecraft:root / porting_lib:global_loot_modifier_serializers]: moonlight:add_item
[18:16:43] [main/WARN]: Could not decode GlobalLootModifier with json id supplementaries:fishing_antique_ink - error: Unknown registry key in ResourceKey[minecraft:root / porting_lib:global_loot_modifier_serializers]: moonlight:add_item
[18:16:43] [main/WARN]: Could not decode GlobalLootModifier with json id supplementaries:fishing_antique_ink_treasure - error: Unknown registry key in ResourceKey[minecraft:root / porting_lib:global_loot_modifier_serializers]: moonlight:add_item
[18:16:43] [ForkJoinPool.commonPool-worker-1/INFO]: Loaded 60 translation keys
[18:16:43] [main/INFO]: Loaded 27 flute songs
[18:16:43] [main/INFO]: Deserializing default trades of profession: villagersplus:alchemist
[18:16:43] [main/INFO]: Deserializing default trades of profession: villagersplus:horticulturist
[18:16:43] [main/INFO]: Deserializing default trades of profession: villagersplus:occultist
[18:16:43] [main/INFO]: Deserializing default trades of profession: villagersplus:oceanographer
[18:16:43] [main/INFO]: Reloading grave shape (server)
[18:16:43] [main/INFO]: Grave model and shape reload successful (server)
[18:16:43] [main/INFO]: Reloading YIGD graveyard data (server)
[18:16:43] [main/INFO]: Graveyard data successfully reloaded (server)
[18:16:43] [main/INFO]: Reloading YIGD grave area overrides (server)
[18:16:43] [main/INFO]: Grave area overrides successfully reloaded (server)
[18:16:43] [main/INFO]: Finished additional setup in 16 ms
[18:16:43] [main/INFO]: Applied 7 data villager trades
[18:16:43] [main/INFO]: Cleared non-static resources for pack supplementaries:generated_pack in: 0 ms
[18:16:43] [main/ERROR]: [worlds_together] Unable to parse Version in jar:file:///workspaces/Dungeon/servidor_minecraft/mods/tectonic-fabric-1.20.1-2.4.1b.jar
[18:16:43] [main/INFO]: [bclib] Updating Pickers for BCLib - Nether BiomeSource (2b3975c5)
[18:16:43] [main/INFO]: [bclib] Updating Pickers for BCLib - The End  BiomeSource (3fbb4885)
[18:16:43] [main/INFO]: [worlds_together] Creating a new World, no fixes needed
[18:16:43] [main/INFO]: [DataFixerAPI] Applying Patch{betternether:5.3.5:21020677}
[18:16:43] [main/INFO]: [DataFixerAPI] Applying Patch{betternether:8.2.2:33587202}
[18:16:43] [main/INFO]: [DataFixerAPI] Applying Patch{betternether:9.0.1:37748737}
[18:16:43] [main/INFO]: [DataFixerAPI] Applying Patch{bclib:3.0.11:12582923}
[18:16:43] [main/INFO]: [DataFixerAPI] Updating Patch-Level for 'betternether' from 0.0.0 to 9.0.1
[18:16:43] [main/INFO]: [DataFixerAPI] Updating Patch-Level for 'bclib' from 0.0.0 to 3.0.11
[18:16:44] [main/INFO]: Mixing server.MixinDedicatedServer from mixins/common/nochatreports.mixins.json into net.minecraft.class_3176
[18:16:44] [main/INFO]: Mixing server.MixinPlayerList from mixins/common/nochatreports.mixins.json into net.minecraft.class_3324
[18:16:44] [main/INFO]: Applied 2693 biome modifications to 187 of 215 new biomes in 90.87 ms
[18:16:44] [Server thread/INFO]: Loading server config for easyanvils
[18:16:44] [Server thread/INFO]: Loading server config for easymagic
[18:16:44] [Server thread/INFO]: Loading server config for illagerinvasion
[18:16:44] [Server thread/INFO]: Loading server config for puzzlesapi
[18:16:44] [Server thread/INFO]: Async Locator -> Starting locating executor service with thread pool size of 1
[18:16:44] [Server thread/INFO]: Adding waystone fwaystones:village_waystone to village kaisyn:village/flower_forest_japanese/houses
[18:16:44] [Server thread/INFO]: Adding waystone fwaystones:village_waystone to village kaisyn:village/sparse_jungle_polynesian/houses
[18:16:44] [Server thread/INFO]: Adding waystone fwaystones:desert_village_waystone to village ctov:village/desert_oasis/house
[18:16:44] [Server thread/ERROR]: Cannot add to ctov:village/desert_oasis/house as it cannot be found!
[18:16:44] [Server thread/INFO]: Adding waystone fwaystones:village_waystone to village ctov:village/mountain_alpine/house
[18:16:44] [Server thread/ERROR]: Cannot add to ctov:village/mountain_alpine/house as it cannot be found!
[18:16:44] [Server thread/INFO]: Adding waystone fwaystones:village_waystone to village ctov:village/savanna_na/house
[18:16:44] [Server thread/ERROR]: Cannot add to ctov:village/savanna_na/house as it cannot be found!
[18:16:44] [Server thread/INFO]: Adding waystone fwaystones:village_waystone to village ctov:village/swamp/house
[18:16:44] [Server thread/ERROR]: Cannot add to ctov:village/swamp/house as it cannot be found!
[18:16:44] [Server thread/INFO]: Adding waystone fwaystones:village_waystone to village minecraft:village/savanna/houses
[18:16:44] [Server thread/INFO]: Adding waystone fwaystones:village_waystone to village ctov:village/snowy_igloo/house
[18:16:44] [Server thread/ERROR]: Cannot add to ctov:village/snowy_igloo/house as it cannot be found!
[18:16:44] [Server thread/INFO]: Adding waystone fwaystones:village_waystone to village kaisyn:village/badlands_pueblo/houses
[18:16:44] [Server thread/INFO]: Adding waystone fwaystones:village_waystone to village kaisyn:village/exclusives/tudor/houses
[18:16:44] [Server thread/INFO]: Adding waystone fwaystones:village_waystone to village ctov:village/mushroom/house
[18:16:44] [Server thread/ERROR]: Cannot add to ctov:village/mushroom/house as it cannot be found!
[18:16:44] [Server thread/INFO]: Adding waystone fwaystones:village_waystone to village kaisyn:village/exclusives/mediterranean/houses/regular
[18:16:44] [Server thread/INFO]: Adding waystone fwaystones:village_waystone to village kaisyn:village/snowy_slopes_inn/decor
[18:16:44] [Server thread/INFO]: Adding waystone fwaystones:village_waystone to village minecraft:village/taiga/houses
[18:16:44] [Server thread/INFO]: Adding waystone fwaystones:village_waystone to village kaisyn:village/birch_forest_romanian/houses
[18:16:44] [Server thread/INFO]: Adding waystone fwaystones:village_waystone to village kaisyn:village/snowy_taiga_viking/houses
[18:16:44] [Server thread/INFO]: Adding waystone fwaystones:village_waystone to village kaisyn:village/beach_lighthouse/side/cross
[18:16:44] [Server thread/INFO]: Adding waystone fwaystones:red_desert_village_waystone to village ctov:village/mesa_fortified/house
[18:16:44] [Server thread/ERROR]: Cannot add to ctov:village/mesa_fortified/house as it cannot be found!
[18:16:44] [Server thread/INFO]: Adding waystone fwaystones:village_waystone to village kaisyn:village/mushroom_fields_fantasy/houses
[18:16:44] [Server thread/INFO]: Adding waystone fwaystones:village_waystone to village kaisyn:village/old_growth_taiga_polish/houses
[18:16:44] [Server thread/INFO]: Adding waystone fwaystones:desert_village_waystone to village ctov:village/desert/house
[18:16:44] [Server thread/ERROR]: Cannot add to ctov:village/desert/house as it cannot be found!
[18:16:44] [Server thread/INFO]: Adding waystone fwaystones:village_waystone to village kaisyn:village/exclusives/rustic/houses
[18:16:44] [Server thread/INFO]: Adding waystone fwaystones:desert_village_waystone to village minecraft:village/desert/houses
[18:16:44] [Server thread/INFO]: Adding waystone fwaystones:village_waystone to village ctov:village/savanna/house
[18:16:44] [Server thread/ERROR]: Cannot add to ctov:village/savanna/house as it cannot be found!
[18:16:44] [Server thread/INFO]: Adding waystone fwaystones:desert_village_waystone to village ctov:village/beach/house
[18:16:44] [Server thread/ERROR]: Cannot add to ctov:village/beach/house as it cannot be found!
[18:16:44] [Server thread/INFO]: Adding waystone fwaystones:village_waystone to village kaisyn:village/swamp_boat/houses
[18:16:44] [Server thread/INFO]: Adding waystone fwaystones:village_waystone to village minecraft:village/plains/houses
[18:16:44] [Server thread/INFO]: Adding waystone fwaystones:village_waystone to village kaisyn:village/sunflower_plains_farm/side/farms
[18:16:44] [Server thread/INFO]: Adding waystone fwaystones:village_waystone to village ctov:village/taiga/house
[18:16:44] [Server thread/ERROR]: Cannot add to ctov:village/taiga/house as it cannot be found!
[18:16:44] [Server thread/INFO]: Adding waystone fwaystones:red_desert_village_waystone to village ctov:village/mesa/house
[18:16:44] [Server thread/ERROR]: Cannot add to ctov:village/mesa/house as it cannot be found!
[18:16:44] [Server thread/INFO]: Adding waystone fwaystones:village_waystone to village kaisyn:village/grove_villager_outpost/decor
[18:16:44] [Server thread/INFO]: Adding waystone fwaystones:village_waystone to village kaisyn:village/meadow_swiss/houses
[18:16:44] [Server thread/INFO]: Adding waystone fwaystones:mossy_stone_brick_village_waystone to village ctov:village/jungle/house
[18:16:44] [Server thread/ERROR]: Cannot add to ctov:village/jungle/house as it cannot be found!
[18:16:44] [Server thread/INFO]: Adding waystone fwaystones:village_waystone to village ctov:village/mountain/house
[18:16:44] [Server thread/ERROR]: Cannot add to ctov:village/mountain/house as it cannot be found!
[18:16:44] [Server thread/INFO]: Adding waystone fwaystones:village_waystone to village ctov:village/halloween/house
[18:16:44] [Server thread/ERROR]: Cannot add to ctov:village/halloween/house as it cannot be found!
[18:16:44] [Server thread/INFO]: Adding waystone fwaystones:village_waystone to village kaisyn:village/jungle_tribal/houses
[18:16:44] [Server thread/INFO]: Adding waystone fwaystones:village_waystone to village kaisyn:village/exclusives/iberian/houses
[18:16:44] [Server thread/INFO]: Adding waystone fwaystones:village_waystone to village ctov:village/christmas/house
[18:16:44] [Server thread/ERROR]: Cannot add to ctov:village/christmas/house as it cannot be found!
[18:16:44] [Server thread/INFO]: Adding waystone fwaystones:village_waystone to village minecraft:village/snowy/houses
[18:16:44] [Server thread/INFO]: Adding waystone fwaystones:village_waystone to village ctov:village/plains/house
[18:16:44] [Server thread/ERROR]: Cannot add to ctov:village/plains/house as it cannot be found!
[18:16:44] [Server thread/INFO]: Adding waystone fwaystones:village_waystone to village ctov:village/swamp_fortified/house
[18:16:44] [Server thread/ERROR]: Cannot add to ctov:village/swamp_fortified/house as it cannot be found!
[18:16:44] [Server thread/INFO]: Adding waystone fwaystones:village_waystone to village ctov:village/plains_fortified/house
[18:16:44] [Server thread/ERROR]: Cannot add to ctov:village/plains_fortified/house as it cannot be found!
[18:16:44] [Server thread/INFO]: Adding waystone fwaystones:village_waystone to village ctov:village/taiga_fortified/house
[18:16:44] [Server thread/ERROR]: Cannot add to ctov:village/taiga_fortified/house as it cannot be found!
[18:16:44] [Server thread/INFO]: Adding waystone fwaystones:village_waystone to village kaisyn:village/exclusives/swedish/houses
[18:16:44] [Server thread/INFO]: Adding waystone fwaystones:mossy_stone_brick_village_waystone to village ctov:village/jungle_tree/house
[18:16:44] [Server thread/ERROR]: Cannot add to ctov:village/jungle_tree/house as it cannot be found!
[18:16:44] [Server thread/INFO]: Starting background profiler...
[18:16:44] [pool-2-thread-1/INFO]: Reloading server config for easyanvils
[18:16:44] [pool-2-thread-1/INFO]: Reloading server config for illagerinvasion
[18:16:45] [Server thread/INFO]: [STDOUT]: Encoded SpellRegistry size (with package overhead): 109807 bytes (in 11 string chunks with the size of 10000)
[18:16:45] [Server thread/INFO]: Starting minecraft server version 1.20.1
[18:16:45] [Server thread/INFO]: Loading properties
[18:16:45] [Server thread/INFO]: Default game type: SURVIVAL
[18:16:45] [Server thread/INFO]: Generating keypair
[18:16:45] [Server thread/INFO]: Starting Minecraft server on *:25565
[18:16:45] [Server thread/INFO]: Using epoll channel type
[18:16:45] [e4mc_minecraft-init/INFO]: req: https://broker.e4mc.link/getBestRelay GET
[18:16:45] [Server thread/INFO]: Using epoll channel type
[18:16:45] [Server thread/WARN]: **** SERVER IS RUNNING IN OFFLINE/INSECURE MODE!
[18:16:45] [Server thread/WARN]: The server will make no attempt to authenticate usernames. Beware.
[18:16:45] [Server thread/WARN]: While this makes the game possible to play without internet access, it also opens up the ability for hackers to connect with any username they choose.
[18:16:45] [Server thread/WARN]: To change this, set "online-mode" to "true" in the server.properties file.
[18:16:45] [Server thread/INFO]: [betternether] Freeze Registry[ResourceKey[minecraft:root / worlds_together:worldgen/betterx/surface_rules] (Stable)]
[18:16:45] [Server thread/INFO]: Preparing level "world"
[18:16:45] [Server thread/INFO]: [bclib] 
Apply Modifications for minecraft:the_nether
    BCLib - Nether BiomeSource (2b3975c5)
        biomes     = 27
        namespaces = betternether(22), minecraft(5)
        seed       = 0
        height     = 128
        config     = BCLibNetherBiomeSourceConfig{mapVersion=hex, useVerticalBiomes=true, amplified=false, biomeSize=256, biomeSizeVertical=86}
[18:16:45] [Server thread/INFO]: [bclib] 
Apply Modifications for minecells:prison
    class_1992 (4d143e6a)
        biomes     = 1
        namespaces = minecells(1)
[18:16:45] [Server thread/INFO]: [bclib] 
Apply Modifications for minecells:black_bridge
    class_1992 (5234ca00)
        biomes     = 1
        namespaces = minecells(1)
[18:16:45] [Server thread/INFO]: [bclib] 
Apply Modifications for minecraft:overworld
    class_4766 (4c108c77)
        biomes     = 147
        namespaces = minecraft(53), terralith(94)
[18:16:45] [Server thread/INFO]: [bclib] 
Apply Modifications for minecraft:the_end
    BCLib - The End  BiomeSource (3fbb4885)
        biomes     = 24
        namespaces = betterend(19), minecraft(5)
        seed       = 0
        height     = 128
        deciders   = 0
        config     = BCLEndBiomeSourceConfig{mapVersion=hex, generatorVersion=vanilla, withVoidBiomes=true, innerVoidRadiusSquared=1048576, voidBiomesSize=256, centerBiomesSize=256, landBiomesSize=256, barrensBiomesSize=256}
[18:16:45] [Server thread/INFO]: [bclib] 
Apply Modifications for graveyard:past
    class_4766 (a9a4df1)
        biomes     = 53
        namespaces = minecraft(53)
[18:16:45] [Server thread/INFO]: [bclib] 
Apply Modifications for minecells:insufferable_crypt
    class_1992 (78531c07)
        biomes     = 1
        namespaces = minecells(1)
[18:16:45] [Server thread/INFO]: [bclib] 
Apply Modifications for minecells:promenade
    class_1992 (6b9a835f)
        biomes     = 1
        namespaces = minecells(1)
[18:16:45] [Server thread/INFO]: [bclib] 
Apply Modifications for minecells:ramparts
    class_1992 (417d60d8)
        biomes     = 1
        namespaces = minecells(1)
[18:16:45] [Server thread/INFO]: [bclib] World Dimensions: 
 - minecraft:the_nether: 
     BCLib - Chunk Generator (11cde854) 
     BCLib - Nether BiomeSource (2b3975c5)
         biomes     = 27
         namespaces = betternether(22), minecraft(5)
         seed       = 0
         height     = 128
         config     = BCLibNetherBiomeSourceConfig{mapVersion=hex, useVerticalBiomes=true, amplified=false, biomeSize=256, biomeSizeVertical=86}
 - minecells:prison: 
     net.minecraft.class_2897@3d6e0090 
     class_1992 (4d143e6a)
         biomes     = 1
         namespaces = minecells(1)
 - minecells:black_bridge: 
     net.minecraft.class_2897@6ec2200c 
     class_1992 (5234ca00)
         biomes     = 1
         namespaces = minecells(1)
 - minecraft:overworld: 
     net.minecraft.class_3754@1b77fe5 
     class_4766 (4c108c77)
         biomes     = 147
         namespaces = minecraft(53), terralith(94)
 - minecraft:the_end: 
     BCLib - Chunk Generator (7527d119) 
     BCLib - The End  BiomeSource (3fbb4885)
         biomes     = 24
         namespaces = betterend(19), minecraft(5)
         seed       = 0
         height     = 128
         deciders   = 0
         config     = BCLEndBiomeSourceConfig{mapVersion=hex, generatorVersion=vanilla, withVoidBiomes=true, innerVoidRadiusSquared=1048576, voidBiomesSize=256, centerBiomesSize=256, landBiomesSize=256, barrensBiomesSize=256}
 - graveyard:past: 
     net.minecraft.class_3754@42a11be1 
     class_4766 (a9a4df1)
         biomes     = 53
         namespaces = minecraft(53)
 - minecells:insufferable_crypt: 
     net.minecraft.class_2897@3337a50d 
     class_1992 (78531c07)
         biomes     = 1
         namespaces = minecells(1)
 - minecells:promenade: 
     net.minecraft.class_3754@212ef3de 
     class_1992 (6b9a835f)
         biomes     = 1
         namespaces = minecells(1)
 - minecells:ramparts: 
     net.minecraft.class_3754@4f6caa37 
     class_1992 (417d60d8)
         biomes     = 1
         namespaces = minecells(1)
[18:16:45] [Server thread/INFO]: [bclib] Merged 22 additional Surface Rules for 
BCLib - Nether BiomeSource (2b3975c5)
    biomes     = 27
    namespaces = betternether(22), minecraft(5)
    seed       = 0
    height     = 128
    config     = BCLibNetherBiomeSourceConfig{mapVersion=hex, useVerticalBiomes=true, amplified=false, biomeSize=256, biomeSizeVertical=86} => 74
[18:16:45] [Server thread/INFO]: [bclib] Merged 19 additional Surface Rules for 
BCLib - The End  BiomeSource (3fbb4885)
    biomes     = 24
    namespaces = betterend(19), minecraft(5)
    seed       = 0
    height     = 128
    deciders   = 0
    config     = BCLEndBiomeSourceConfig{mapVersion=hex, generatorVersion=vanilla, withVoidBiomes=true, innerVoidRadiusSquared=1048576, voidBiomesSize=256, centerBiomesSize=256, landBiomesSize=256, barrensBiomesSize=256} => 20
[18:16:46] [e4mc_minecraft-init/INFO]: resp: (GET https://broker.e4mc.link/getBestRelay) 200
[18:16:46] [e4mc_minecraft-init/INFO]: using relay na
[18:16:46] [Server thread/WARN]: Method overwrite conflict for removeIf in modernfix-common.mixins.json:bugfix.paper_chunk_patches.SortedArraySetMixin from mod modernfix, previously written by me.jellysquid.mods.lithium.mixin.world.chunk_tickets.SortedArraySetMixin. Skipping method.
[18:16:47] [nioEventLoopGroup-2-1/INFO]: control channel open: [id: 0xa922c367, QuicStreamAddress{streamId=0}]
[18:16:47] [nioEventLoopGroup-2-1/INFO]: control channel write complete
[18:16:47] [nioEventLoopGroup-2-1/WARN]: e4mc running on Dedicated Server; This works, but isn't recommended as e4mc is designed for short-lived LAN servers
[18:16:47] [nioEventLoopGroup-2-1/INFO]: Domain assigned: unearth-latticed.na.e4mc.link
[18:16:51] [Worker-Main-2/INFO]: Instantiating Mojang DFU
[18:17:09] [Server thread/INFO]: [Village Spawn Point] Finding the nearest village. This might take a few seconds.
[18:17:09] [Server thread/INFO]: Locating element #minecraft:village (towns_and_towers:village_birch_forest) took 99 ms
[18:17:12] [Worker-Main-3/ERROR]: Hanging entity at invalid position: class_2338{x=-22, y=-57, z=618}
[18:17:12] [Worker-Main-3/ERROR]: Hanging entity at invalid position: class_2338{x=-14, y=-57, z=618}
[18:17:12] [Server thread/INFO]: [Village Spawn Point] Village found! The world will now generate.
[18:17:14] [Server thread/INFO]: Preparing start region for dimension minecraft:overworld
[18:17:14] [Worker-Main-2/INFO]: Preparing spawn area: 0%
[18:17:15] [Worker-Main-2/INFO]: Preparing spawn area: 0%
[18:17:15] [Worker-Main-1/INFO]: Preparing spawn area: 0%
[18:17:16] [Worker-Main-3/INFO]: Preparing spawn area: 0%
[18:17:16] [Worker-Main-1/ERROR]: Hanging entity at invalid position: class_2338{x=-22, y=-57, z=626}
[18:17:16] [Worker-Main-1/ERROR]: Hanging entity at invalid position: class_2338{x=-14, y=-57, z=626}
[18:17:16] [Worker-Main-2/INFO]: Preparing spawn area: 0%
[18:17:17] [Worker-Main-1/INFO]: Preparing spawn area: 1%
[18:17:17] [Worker-Main-3/INFO]: Preparing spawn area: 1%
[18:17:17] [Worker-Main-2/WARN]: Tried to access a block entity before it was created. class_2338{x=11, y=71, z=142}
[18:17:17] [Worker-Main-2/WARN]: Tried to access a block entity before it was created. class_2338{x=11, y=71, z=142}
[18:17:18] [Worker-Main-2/INFO]: Preparing spawn area: 2%
[18:17:18] [Worker-Main-2/INFO]: Preparing spawn area: 3%
[18:17:19] [Worker-Main-2/INFO]: Preparing spawn area: 4%
[18:17:19] [Worker-Main-2/INFO]: Preparing spawn area: 5%
[18:17:20] [Worker-Main-1/INFO]: Preparing spawn area: 7%
[18:17:20] [Worker-Main-1/INFO]: Preparing spawn area: 9%
[18:17:21] [Worker-Main-1/INFO]: Preparing spawn area: 10%
[18:17:21] [Worker-Main-3/INFO]: Preparing spawn area: 10%
[18:17:22] [Worker-Main-1/INFO]: Preparing spawn area: 12%
[18:17:22] [Worker-Main-1/INFO]: Preparing spawn area: 13%
[18:17:23] [Worker-Main-1/INFO]: Preparing spawn area: 15%
[18:17:23] [Worker-Main-3/INFO]: Preparing spawn area: 16%
[18:17:24] [Worker-Main-3/INFO]: Preparing spawn area: 17%
[18:17:24] [Worker-Main-3/INFO]: Preparing spawn area: 18%
[18:17:25] [Worker-Main-3/INFO]: Preparing spawn area: 20%
[18:17:25] [Worker-Main-3/INFO]: Preparing spawn area: 21%
[18:17:26] [Worker-Main-2/INFO]: Preparing spawn area: 23%
[18:17:26] [Worker-Main-2/INFO]: Preparing spawn area: 24%
[18:17:27] [Worker-Main-3/INFO]: Preparing spawn area: 25%
[18:17:27] [Worker-Main-2/INFO]: Preparing spawn area: 27%
[18:17:28] [Worker-Main-1/INFO]: Preparing spawn area: 29%
[18:17:28] [Worker-Main-2/INFO]: Preparing spawn area: 31%
[18:17:29] [Worker-Main-3/INFO]: Preparing spawn area: 32%
[18:17:29] [Worker-Main-1/INFO]: Preparing spawn area: 33%
[18:17:30] [Worker-Main-2/INFO]: Preparing spawn area: 34%
[18:17:30] [Worker-Main-3/INFO]: Preparing spawn area: 35%
[18:17:31] [Worker-Main-3/INFO]: Preparing spawn area: 37%
[18:17:31] [Worker-Main-2/INFO]: Preparing spawn area: 40%
[18:17:32] [Worker-Main-1/INFO]: Preparing spawn area: 42%
[18:17:32] [Worker-Main-3/INFO]: Preparing spawn area: 44%
[18:17:33] [Worker-Main-1/INFO]: Preparing spawn area: 45%
[18:17:33] [Worker-Main-3/INFO]: Preparing spawn area: 46%
[18:17:34] [Worker-Main-2/INFO]: Preparing spawn area: 46%
[18:17:34] [Worker-Main-2/INFO]: Preparing spawn area: 48%
[18:17:35] [Worker-Main-1/INFO]: Preparing spawn area: 50%
[18:17:35] [Worker-Main-2/INFO]: Preparing spawn area: 53%
[18:17:36] [Worker-Main-1/INFO]: Preparing spawn area: 54%
[18:17:36] [Worker-Main-2/INFO]: Preparing spawn area: 56%
[18:17:37] [Worker-Main-3/INFO]: Preparing spawn area: 58%
[18:17:37] [Worker-Main-1/INFO]: Preparing spawn area: 59%
[18:17:38] [Worker-Main-2/INFO]: Preparing spawn area: 60%
[18:17:38] [Worker-Main-1/INFO]: Preparing spawn area: 62%
[18:17:39] [Worker-Main-3/INFO]: Preparing spawn area: 63%
[18:17:39] [Worker-Main-2/INFO]: Preparing spawn area: 65%
[18:17:40] [Worker-Main-2/INFO]: Preparing spawn area: 67%
[18:17:40] [Worker-Main-3/INFO]: Preparing spawn area: 68%
[18:17:41] [Worker-Main-3/INFO]: Preparing spawn area: 69%
[18:17:41] [Worker-Main-2/INFO]: Preparing spawn area: 71%
[18:17:42] [Worker-Main-3/INFO]: Preparing spawn area: 73%
[18:17:42] [Worker-Main-2/INFO]: Preparing spawn area: 74%
[18:17:43] [Worker-Main-1/INFO]: Preparing spawn area: 76%
[18:17:43] [Worker-Main-3/INFO]: Preparing spawn area: 77%
[18:17:44] [Worker-Main-1/INFO]: Preparing spawn area: 80%
[18:17:44] [Worker-Main-2/INFO]: Preparing spawn area: 82%
[18:17:45] [Worker-Main-1/INFO]: Preparing spawn area: 83%
[18:17:45] [Worker-Main-2/INFO]: Preparing spawn area: 84%
[18:17:46] [Worker-Main-3/INFO]: Preparing spawn area: 86%
[18:17:46] [Worker-Main-2/INFO]: Preparing spawn area: 88%
[18:17:47] [Worker-Main-3/INFO]: Preparing spawn area: 89%
[18:17:47] [Worker-Main-3/INFO]: Preparing spawn area: 91%
[18:17:48] [Worker-Main-1/INFO]: Preparing spawn area: 94%
[18:17:48] [Worker-Main-1/INFO]: Preparing spawn area: 95%
[18:17:49] [Worker-Main-3/INFO]: Preparing spawn area: 97%
[18:17:49] [Worker-Main-3/INFO]: Preparing spawn area: 99%
[18:17:49] [Server thread/INFO]: Time elapsed: 35154 ms
[18:17:49] [Server thread/INFO]: Done (64.075s)! For help, type "help"
[18:17:49] [Server thread/WARN]: Dedicated server took 88.849 seconds to load
[18:17:49] [Server thread/INFO]: Encoded Weapon Attribute registry size (with package overhead): 89924 bytes (in 9 string chunks with the size of 10000)
[18:17:49] [Server thread/INFO]: Loaded config for: dragonfight.json
[18:17:49] [Server thread/INFO]: Loaded config for: biomemusic.json
[18:17:49] [Server thread/INFO]: [STDOUT]: PREPARING FOR RELOAD
[18:17:49] [Server thread/INFO]: Start loading plugin from Jade
[18:17:49] [Server thread/INFO]: Start loading plugin from Jade
[18:17:49] [Server thread/INFO]: Start loading plugin from Jade
[18:17:49] [Server thread/INFO]: Start loading plugin from Jade Addons
[18:17:49] [Server thread/INFO]: Start loading plugin from Supplementaries
[18:17:49] [Server thread/INFO]: Mixing common.MixinServerStatus from mixins/common/nochatreports.mixins.json into net.minecraft.class_2926
[18:17:50] [Server thread/INFO]: Loading Xaero's Minimap - Stage 2/2 (Server)
[18:17:50] [Server thread/INFO]: Loading Xaero's World Map - Stage 2/2 (Server)
[18:17:57] [Netty Epoll Server IO #2/INFO]: Mixing server.MixinServerboundChatCommandPacket from mixins/common/nochatreports.mixins.json into net.minecraft.class_7472
[18:17:57] [Netty Epoll Server IO #2/INFO]: Mixing server.MixinServerboundChatPacket from mixins/common/nochatreports.mixins.json into net.minecraft.class_2797
[18:17:57] [Netty Epoll Server IO #2/INFO]: Mixing server.MixinServerboundChatSessionUpdatePacket from mixins/common/nochatreports.mixins.json into net.minecraft.class_7861
[18:18:00] [Server thread/INFO]: Calamar892[/127.103.88.164:46773] logged in with entity id 485 at (41.5, 71.0, 130.5)
[18:18:00] [Server thread/INFO]: Sending server config values to client
[18:18:01] [Server thread/INFO]: Syncing config to Calamar892 (3db267cc-5653-38a8-90fd-bbcdac507f0a)
[18:18:01] [Server thread/INFO]: [betternether] Freeze Registry[ResourceKey[minecraft:root / worlds_together:worldgen/betterx/surface_rules] (Stable)]
[18:18:01] [Netty Epoll Server IO #4/INFO]: Receiving client config
[18:18:01] [Server thread/INFO]: Calamar892 joined the game
[18:18:04] [Netty Epoll Server IO #4/INFO]: Priority overwritten for player Calamar892. Claiming: GRAVE / Robbing: INVENTORY
[18:18:04] [Server thread/INFO]: [bclib] Received Hello from Client. (server=3.0.14, client=3.0.14)
[18:18:04] [Server thread/INFO]: [bclib] Sending Hello to Client. (server=3.0.14)
[18:18:04] [Server thread/INFO]: [bclib] 	- Listing Mod bclib v3.0.14 (size: 2.2 MiB, download=true)
[18:18:04] [Server thread/INFO]: [bclib] 	- Listing Mod betternether v9.0.10 (size: 21.9 MiB, download=true)
[18:18:04] [Server thread/INFO]: [bclib] 	- Offering Config bclib.CONFIG_betternether.main
[18:18:04] [Server thread/INFO]: [bclib] 	- Offering Config bclib.CONFIG_betternether.generator
[18:18:04] [Server thread/INFO]: [bclib] 	- Offering Config bclib.CONFIG_betternether.blocks
[18:18:04] [Server thread/INFO]: [bclib] 	- Offering Config bclib.CONFIG_betternether.items
[18:18:04] [Server thread/INFO]: [bclib] 	- Offering Config bclib.CONFIG_betternether.biomes
[18:18:04] [Server thread/INFO]: [bclib] 	- Offering Config bclib.CONFIG_betternether.mobs
[18:18:04] [Server thread/INFO]: [bclib] 	- Offering Config bclib.CONFIG_bclib.generator
[18:18:04] [Server thread/INFO]: [bclib] 	- Offering Config bclib.CONFIG_bclib.main
[18:18:04] [Server thread/INFO]: [bclib] 	- Offering Config bclib.CONFIG_bclib.biomes
[18:18:04] [Server thread/INFO]: [bclib] 	- Offering Config bclib.CONFIG_betterend.entities
[18:18:04] [Server thread/INFO]: [bclib] 	- Offering Config bclib.CONFIG_betterend.blocks
[18:18:04] [Server thread/INFO]: [bclib] 	- Offering Config bclib.CONFIG_betterend.items
[18:18:04] [Server thread/INFO]: [bclib] 	- Offering Config bclib.CONFIG_betterend.enchantments
[18:18:04] [Server thread/INFO]: [bclib] 	- Offering Folder /workspaces/Dungeon/servidor_minecraft/bclib-sync (allowDelete=true)
[18:18:10] [Server thread/INFO]: Neropou777[/127.197.100.70:57987] logged in with entity id 614 at (42.5, 71.0, 118.5)
[18:18:10] [Server thread/INFO]: Sending server config values to client
[18:18:10] [Server thread/INFO]: Syncing config to Neropou777 (3ff17d42-ea7e-3ba7-92a2-c14a2f21d9b1)
[18:18:10] [Server thread/INFO]: [betternether] Freeze Registry[ResourceKey[minecraft:root / worlds_together:worldgen/betterx/surface_rules] (Stable)]
[18:18:10] [Server thread/INFO]: Neropou777 joined the game
[18:18:10] [Netty Epoll Server IO #7/INFO]: Receiving client config
[18:18:10] [Netty Epoll Server IO #7/INFO]: Priority overwritten for player Neropou777. Claiming: GRAVE / Robbing: INVENTORY
[18:18:10] [Server thread/INFO]: [bclib] Received Hello from Client. (server=3.0.14, client=3.0.14)
[18:18:10] [Server thread/INFO]: [bclib] Sending Hello to Client. (server=3.0.14)
[18:18:10] [Server thread/INFO]: [bclib] 	- Listing Mod bclib v3.0.14 (size: 2.2 MiB, download=true)
[18:18:10] [Server thread/INFO]: [bclib] 	- Listing Mod betternether v9.0.10 (size: 21.9 MiB, download=true)
[18:18:10] [Server thread/INFO]: [bclib] 	- Offering Config bclib.CONFIG_betternether.main
[18:18:10] [Server thread/INFO]: [bclib] 	- Offering Config bclib.CONFIG_betternether.generator
[18:18:10] [Server thread/INFO]: [bclib] 	- Offering Config bclib.CONFIG_betternether.blocks
[18:18:10] [Server thread/INFO]: [bclib] 	- Offering Config bclib.CONFIG_betternether.items
[18:18:10] [Server thread/INFO]: [bclib] 	- Offering Config bclib.CONFIG_betternether.biomes
[18:18:10] [Server thread/INFO]: [bclib] 	- Offering Config bclib.CONFIG_betternether.mobs
[18:18:10] [Server thread/INFO]: [bclib] 	- Offering Config bclib.CONFIG_bclib.generator
[18:18:10] [Server thread/INFO]: [bclib] 	- Offering Config bclib.CONFIG_bclib.main
[18:18:10] [Server thread/INFO]: [bclib] 	- Offering Config bclib.CONFIG_bclib.biomes
[18:18:10] [Server thread/INFO]: [bclib] 	- Offering Config bclib.CONFIG_betterend.entities
[18:18:10] [Server thread/INFO]: [bclib] 	- Offering Config bclib.CONFIG_betterend.blocks
[18:18:10] [Server thread/INFO]: [bclib] 	- Offering Config bclib.CONFIG_betterend.items
[18:18:10] [Server thread/INFO]: [bclib] 	- Offering Config bclib.CONFIG_betterend.enchantments
[18:18:10] [Server thread/INFO]: [bclib] 	- Offering Folder /workspaces/Dungeon/servidor_minecraft/bclib-sync (allowDelete=true)
[18:18:11] [Server thread/INFO]: Asierito01OwO[/127.26.148.143:53527] logged in with entity id 634 at (50.5, 72.0, 124.5)
[18:18:11] [Server thread/INFO]: Sending server config values to client
[18:18:11] [Server thread/INFO]: Syncing config to Asierito01OwO (06b1eb39-e73a-3be1-9a3a-a37437110d20)
[18:18:11] [Server thread/INFO]: [betternether] Freeze Registry[ResourceKey[minecraft:root / worlds_together:worldgen/betterx/surface_rules] (Stable)]
[18:18:11] [Server thread/INFO]: Asierito01OwO joined the game
[18:18:11] [Netty Epoll Server IO #0/INFO]: Receiving client config
[18:18:13] [Server thread/INFO]: [bclib] Received Hello from Client. (server=3.0.14, client=3.0.14)
[18:18:13] [Netty Epoll Server IO #0/INFO]: Priority overwritten for player Asierito01OwO. Claiming: GRAVE / Robbing: INVENTORY
[18:18:13] [Server thread/INFO]: [bclib] Sending Hello to Client. (server=3.0.14)
[18:18:13] [Server thread/INFO]: [bclib] 	- Listing Mod bclib v3.0.14 (size: 2.2 MiB, download=true)
[18:18:13] [Server thread/INFO]: [bclib] 	- Listing Mod betternether v9.0.10 (size: 21.9 MiB, download=true)
[18:18:13] [Server thread/INFO]: [bclib] 	- Offering Config bclib.CONFIG_betternether.main
[18:18:13] [Server thread/INFO]: [bclib] 	- Offering Config bclib.CONFIG_betternether.generator
[18:18:13] [Server thread/INFO]: [bclib] 	- Offering Config bclib.CONFIG_betternether.blocks
[18:18:13] [Server thread/INFO]: [bclib] 	- Offering Config bclib.CONFIG_betternether.items
[18:18:13] [Server thread/INFO]: [bclib] 	- Offering Config bclib.CONFIG_betternether.biomes
[18:18:13] [Server thread/INFO]: [bclib] 	- Offering Config bclib.CONFIG_betternether.mobs
[18:18:13] [Server thread/INFO]: [bclib] 	- Offering Config bclib.CONFIG_bclib.generator
[18:18:13] [Server thread/INFO]: [bclib] 	- Offering Config bclib.CONFIG_bclib.main
[18:18:13] [Server thread/INFO]: [bclib] 	- Offering Config bclib.CONFIG_bclib.biomes
[18:18:13] [Server thread/INFO]: [bclib] 	- Offering Config bclib.CONFIG_betterend.entities
[18:18:13] [Server thread/INFO]: [bclib] 	- Offering Config bclib.CONFIG_betterend.blocks
[18:18:13] [Server thread/INFO]: [bclib] 	- Offering Config bclib.CONFIG_betterend.items
[18:18:13] [Server thread/INFO]: [bclib] 	- Offering Config bclib.CONFIG_betterend.enchantments
[18:18:13] [Server thread/INFO]: [bclib] 	- Offering Folder /workspaces/Dungeon/servidor_minecraft/bclib-sync (allowDelete=true)
[18:18:27] [Netty Epoll Server IO #3/ERROR]: Exception occurred in netty pipeline
io.netty.handler.timeout.ReadTimeoutException: null
[18:19:35] [Server thread/WARN]: UUID of added entity already exists: class_1540['Falling Hanging Coconut'/906, l='ServerLevel[world]', x=-22.50, y=76.00, z=199.50]
[18:19:50] [Server thread/INFO]: Neropou777 has made the advancement [Stone Age]
[18:19:52] [Server thread/WARN]: UUID of added entity already exists: class_1540['Falling Hanging Coconut'/1013, l='ServerLevel[world]', x=-46.50, y=74.00, z=146.50]
[18:20:08] [Server thread/INFO]: Asierito01OwO has made the advancement [Crops of the Wild]
[18:20:09] [Server thread/INFO]: Named entity class_1439['Bulk'/67, l='ServerLevel[world]', x=18.30, y=71.00, z=139.68] died: Bulk was slain by Calamar892
[18:20:10] [Server thread/INFO]: Neropou777 has made the advancement [Acquire Hardware]
[18:20:12] [Server thread/WARN]: UUID of added entity already exists: class_1540['Falling Hanging Coconut'/1088, l='ServerLevel[world]', x=-38.50, y=72.00, z=115.50]
[18:20:16] [Server thread/INFO]: Calamar892 has made the advancement [Acquire Hardware]
[18:20:19] [Server thread/WARN]: UUID of added entity already exists: class_1540['Falling Hanging Coconut'/1133, l='ServerLevel[world]', x=-33.50, y=70.00, z=161.50]
[18:20:24] [Server thread/WARN]: UUID of added entity already exists: class_1540['Falling Hanging Coconut'/1160, l='ServerLevel[world]', x=37.50, y=77.00, z=217.50]
[18:20:36] [Server thread/WARN]: UUID of added entity already exists: class_1540['Falling Hanging Coconut'/1225, l='ServerLevel[world]', x=-43.50, y=74.00, z=134.50]
[18:20:39] [Server thread/INFO]: Asierito01OwO has made the advancement [Acquire Hardware]
[18:20:45] [Server thread/WARN]: UUID of added entity already exists: class_1540['Falling Hanging Coconut'/1298, l='ServerLevel[world]', x=-28.50, y=74.00, z=186.50]
[18:21:05] [Server thread/WARN]: UUID of added entity already exists: class_1540['Falling Hanging Coconut'/1418, l='ServerLevel[world]', x=154.50, y=81.00, z=201.50]
[18:21:13] [Server thread/WARN]: UUID of added entity already exists: class_1540['Falling Hanging Coconut'/1471, l='ServerLevel[world]', x=-55.50, y=70.00, z=170.50]
[18:21:16] [Server thread/WARN]: UUID of added entity already exists: class_1540['Falling Hanging Coconut'/1511, l='ServerLevel[world]', x=-4.50, y=77.00, z=164.50]
[18:21:16] [Server thread/WARN]: UUID of added entity already exists: class_1540['Falling Hanging Coconut'/1512, l='ServerLevel[world]', x=-6.50, y=77.00, z=164.50]
[18:21:16] [Server thread/WARN]: UUID of added entity already exists: class_1540['Falling Hanging Coconut'/1513, l='ServerLevel[world]', x=116.50, y=84.00, z=198.50]
[18:21:17] [Server thread/INFO]: Calamar892 was squashed by a falling block
[18:21:27] [Server thread/WARN]: UUID of added entity already exists: class_1540['Falling Hanging Coconut'/1582, l='ServerLevel[world]', x=-47.50, y=74.00, z=146.50]
[18:21:28] [Server thread/WARN]: UUID of added entity already exists: class_1540['Falling Hanging Coconut'/1586, l='ServerLevel[world]', x=-56.50, y=70.00, z=168.50]
[18:21:35] [Server thread/WARN]: UUID of added entity already exists: class_1540['Falling Hanging Coconut'/1629, l='ServerLevel[world]', x=82.50, y=83.00, z=194.50]
[18:21:36] [Server thread/INFO]: Calamar892 claimed a grave belonging to Calamar892 at -5, 66, 164, minecraft:overworld
[18:21:38] [Server thread/WARN]: UUID of added entity already exists: class_1540['Falling Hanging Coconut'/1639, l='ServerLevel[world]', x=45.50, y=78.00, z=207.50]
[18:21:43] [Server thread/WARN]: UUID of added entity already exists: class_1540['Falling Hanging Coconut'/1661, l='ServerLevel[world]', x=138.50, y=84.00, z=204.50]
[18:21:51] [Server thread/WARN]: UUID of added entity already exists: class_1540['Falling Hanging Coconut'/1777, l='ServerLevel[world]', x=66.50, y=77.00, z=214.50]
[18:21:55] [Server thread/WARN]: UUID of added entity already exists: class_1540['Falling Hanging Coconut'/1795, l='ServerLevel[world]', x=23.50, y=74.00, z=227.50]
[18:21:56] [Server thread/WARN]: UUID of added entity already exists: class_1540['Falling Hanging Coconut'/1808, l='ServerLevel[world]', x=-82.50, y=74.00, z=129.50]
[18:22:03] [Server thread/WARN]: UUID of added entity already exists: class_1540['Falling Hanging Coconut'/1838, l='ServerLevel[world]', x=20.50, y=79.00, z=187.50]
[18:22:08] [Server thread/INFO]: Neropou777 has made the advancement [Getting an Upgrade]
[18:22:14] [Server thread/WARN]: UUID of added entity already exists: class_1540['Falling Hanging Coconut'/1924, l='ServerLevel[world]', x=-96.50, y=74.00, z=127.50]
[18:22:23] [Server thread/WARN]: UUID of added entity already exists: class_1540['Falling Hanging Coconut'/1953, l='ServerLevel[world]', x=-97.50, y=74.00, z=127.50]
[18:22:25] [Server thread/WARN]: UUID of added entity already exists: class_1540['Falling Hanging Coconut'/1959, l='ServerLevel[world]', x=-14.50, y=73.00, z=218.50]
[18:22:31] [Server thread/WARN]: UUID of added entity already exists: class_1540['Falling Hanging Coconut'/1975, l='ServerLevel[world]', x=85.50, y=80.00, z=209.50]
[18:22:40] [Server thread/WARN]: UUID of added entity already exists: class_1540['Falling Hanging Coconut'/2019, l='ServerLevel[world]', x=186.50, y=79.00, z=208.50]
[18:22:44] [Server thread/WARN]: UUID of added entity already exists: class_1540['Falling Hanging Coconut'/2056, l='ServerLevel[world]', x=19.50, y=79.00, z=197.50]
[18:22:44] [Server thread/WARN]: UUID of added entity already exists: class_1540['Falling Hanging Coconut'/2058, l='ServerLevel[world]', x=-99.50, y=70.00, z=184.50]
[18:22:46] [Server thread/INFO]: Asierito01OwO has made the advancement [Stone Age]
[18:22:50] [Server thread/WARN]: UUID of added entity already exists: class_1540['Falling Hanging Coconut'/2130, l='ServerLevel[world]', x=3.50, y=74.00, z=225.50]
[18:22:51] [Server thread/WARN]: UUID of added entity already exists: class_1540['Falling Hanging Coconut'/2131, l='ServerLevel[world]', x=8.50, y=73.00, z=211.50]
[18:22:57] [Server thread/WARN]: UUID of added entity already exists: class_1540['Falling Hanging Coconut'/2164, l='ServerLevel[world]', x=84.50, y=83.00, z=193.50]
[18:23:01] [Server thread/WARN]: UUID of added entity already exists: class_1540['Falling Hanging Coconut'/2175, l='ServerLevel[world]', x=87.50, y=80.00, z=211.50]
[18:23:03] [Server thread/WARN]: UUID of added entity already exists: class_1540['Falling Hanging Coconut'/2189, l='ServerLevel[world]', x=85.50, y=80.00, z=211.50]
[18:23:04] [Server thread/WARN]: UUID of added entity already exists: class_1540['Falling Hanging Coconut'/2197, l='ServerLevel[world]', x=14.50, y=73.00, z=216.50]
[18:23:08] [Server thread/WARN]: UUID of added entity already exists: class_1540['Falling Hanging Coconut'/2224, l='ServerLevel[world]', x=43.50, y=78.00, z=207.50]
[18:23:12] [Server thread/WARN]: UUID of added entity already exists: class_1540['Falling Hanging Coconut'/2233, l='ServerLevel[world]', x=-41.50, y=74.00, z=132.50]
[18:23:13] [Server thread/WARN]: UUID of added entity already exists: class_1540['Falling Hanging Coconut'/2236, l='ServerLevel[world]', x=25.50, y=74.00, z=226.50]
[18:23:14] [Server thread/WARN]: UUID of added entity already exists: class_1540['Falling Hanging Coconut'/2246, l='ServerLevel[world]', x=-48.50, y=71.00, z=197.50]
[18:23:18] [Server thread/INFO]: Asierito01OwO has made the advancement [Getting an Upgrade]
[18:23:34] [Server thread/WARN]: UUID of added entity already exists: class_1540['Falling Hanging Coconut'/2282, l='ServerLevel[world]', x=-25.50, y=74.00, z=151.50]
[18:23:42] [Server thread/WARN]: UUID of added entity already exists: class_1540['Falling Hanging Coconut'/2302, l='ServerLevel[world]', x=-43.50, y=74.00, z=133.50]
[18:23:51] [Server thread/WARN]: UUID of added entity already exists: class_1540['Falling Hanging Coconut'/2342, l='ServerLevel[world]', x=-24.50, y=75.00, z=130.50]
[18:23:53] [Server thread/INFO]: Calamar892 has made the advancement [Stone Age]
[18:23:57] [Server thread/WARN]: UUID of added entity already exists: class_1540['Falling Hanging Coconut'/2364, l='ServerLevel[world]', x=43.50, y=78.00, z=206.50]
[18:24:02] [Server thread/WARN]: UUID of added entity already exists: class_1540['Falling Hanging Coconut'/2383, l='ServerLevel[world]', x=21.50, y=79.00, z=187.50]
[18:24:04] [Server thread/WARN]: UUID of added entity already exists: class_1540['Falling Hanging Coconut'/2385, l='ServerLevel[world]', x=-76.50, y=68.00, z=140.50]
[18:24:11] [Server thread/WARN]: UUID of added entity already exists: class_1540['Falling Hanging Coconut'/2397, l='ServerLevel[world]', x=-46.50, y=74.00, z=148.50]
[18:24:16] [Server thread/WARN]: UUID of added entity already exists: class_1540['Falling Hanging Coconut'/2418, l='ServerLevel[world]', x=-11.50, y=73.00, z=179.50]
[18:24:19] [Server thread/WARN]: UUID of added entity already exists: class_1540['Falling Hanging Coconut'/2428, l='ServerLevel[world]', x=12.50, y=75.00, z=204.50]
[18:24:26] [Server thread/WARN]: UUID of added entity already exists: class_1540['Falling Hanging Coconut'/2440, l='ServerLevel[world]', x=11.50, y=75.00, z=204.50]
[18:24:38] [Server thread/WARN]: UUID of added entity already exists: class_1540['Falling Hanging Coconut'/2471, l='ServerLevel[world]', x=2.50, y=71.00, z=230.50]
[18:24:49] [Server thread/WARN]: UUID of added entity already exists: class_1540['Falling Hanging Coconut'/2482, l='ServerLevel[world]', x=82.50, y=83.00, z=195.50]
[18:24:53] [Server thread/WARN]: UUID of added entity already exists: class_1540['Falling Hanging Coconut'/2490, l='ServerLevel[world]', x=-81.50, y=74.00, z=129.50]
[18:24:53] [Server thread/WARN]: UUID of added entity already exists: class_1540['Falling Hanging Coconut'/2491, l='ServerLevel[world]', x=-46.50, y=74.00, z=147.50]
[18:25:01] [Server thread/WARN]: UUID of added entity already exists: class_1540['Falling Hanging Coconut'/2549, l='ServerLevel[world]', x=33.50, y=81.00, z=182.50]
[18:25:04] [Server thread/WARN]: UUID of added entity already exists: class_1540['Falling Hanging Coconut'/2591, l='ServerLevel[world]', x=82.50, y=83.00, z=193.50]
[18:25:10] [Server thread/WARN]: UUID of added entity already exists: class_1540['Falling Hanging Coconut'/2669, l='ServerLevel[world]', x=14.50, y=73.00, z=214.50]
[18:25:17] [Server thread/WARN]: UUID of added entity already exists: class_1540['Falling Hanging Coconut'/2737, l='ServerLevel[world]', x=-48.50, y=74.00, z=146.50]
[18:25:21] [Server thread/INFO]: Calamar892 has made the advancement [Getting an Upgrade]
[18:25:43] [Server thread/WARN]: UUID of added entity already exists: class_1540['Falling Hanging Coconut'/2883, l='ServerLevel[world]', x=48.50, y=69.00, z=237.50]
[18:25:46] [Server thread/WARN]: UUID of added entity already exists: class_1540['Falling Hanging Coconut'/2889, l='ServerLevel[world]', x=-34.50, y=70.00, z=160.50]
[18:25:53] [asynclocator-1-thread-1/INFO]: Async Locator -> Trying to locate TagKey[minecraft:worldgen/structure / minecraft:on_treasure_maps] in ServerLevel[world] around class_2338{x=227, y=60, z=248} within 50 chunks
[18:25:53] [asynclocator-1-thread-1/INFO]: Async Locator -> Found TagKey[minecraft:worldgen/structure / minecraft:on_treasure_maps] at class_2338{x=9, y=0, z=137} (took 316ms)
[18:25:53] [Server thread/INFO]: Async Locator -> Location found - updating treasure map in chest
[18:25:59] [Server thread/WARN]: UUID of added entity already exists: class_1540['Falling Hanging Coconut'/2986, l='ServerLevel[world]', x=-54.50, y=70.00, z=168.50]
[18:26:04] [Server thread/WARN]: UUID of added entity already exists: class_1540['Falling Hanging Coconut'/3035, l='ServerLevel[world]', x=106.50, y=83.00, z=202.50]
[18:26:09] [Server thread/WARN]: UUID of added entity already exists: class_1540['Falling Hanging Coconut'/3086, l='ServerLevel[world]', x=-23.50, y=75.00, z=128.50]
[18:26:27] [Server thread/WARN]: UUID of added entity already exists: class_1540['Falling Hanging Coconut'/3237, l='ServerLevel[world]', x=171.50, y=81.00, z=217.50]
[18:26:49] [Server thread/WARN]: UUID of added entity already exists: class_1540['Falling Hanging Coconut'/3435, l='ServerLevel[world]', x=187.50, y=79.00, z=210.50]
[18:27:12] [Server thread/WARN]: UUID of added entity already exists: class_1540['Falling Hanging Coconut'/3662, l='ServerLevel[world]', x=74.50, y=83.00, z=191.50]
[18:27:14] [Server thread/WARN]: UUID of added entity already exists: class_1540['Falling Hanging Coconut'/3729, l='ServerLevel[world]', x=76.50, y=83.00, z=190.50]
[18:27:27] [Server thread/WARN]: UUID of added entity already exists: class_1540['Falling Hanging Coconut'/3780, l='ServerLevel[world]', x=84.50, y=83.00, z=194.50]
[18:28:09] [Server thread/WARN]: UUID of added entity already exists: class_1540['Falling Hanging Coconut'/3911, l='ServerLevel[world]', x=328.50, y=74.00, z=218.50]
[18:28:22] [Server thread/INFO]: Neropou777 has made the advancement [Sweet Dreams]
[18:28:30] [Server thread/INFO]: Asierito01OwO has made the advancement [Sweet Dreams]
[18:28:36] [Server thread/INFO]: <Asierito01OwO> z
[18:28:36] [Server thread/INFO]: <Asierito01OwO> z
[18:28:37] [Server thread/INFO]: <Asierito01OwO> zzz
[18:28:37] [Server thread/INFO]: <Asierito01OwO> z
[18:28:37] [Server thread/INFO]: <Asierito01OwO> z
[18:28:37] [Server thread/INFO]: <Asierito01OwO> z
[18:28:38] [Server thread/INFO]: <Asierito01OwO> z
[18:28:38] [Server thread/INFO]: <Asierito01OwO> z
[18:28:47] [Server thread/INFO]: Calamar892 lost connection: Disconnected
[18:28:47] [Server thread/INFO]: Calamar892 left the game
[18:28:50] [Server thread/WARN]: UUID of added entity already exists: class_1540['Falling Hanging Coconut'/4007, l='ServerLevel[world]', x=390.50, y=76.00, z=243.50]
[18:28:55] [Server thread/INFO]: Calamar892[/127.103.88.164:34881] logged in with entity id 4025 at (329.4477364585437, 63.0, 209.7287247979605)
[18:28:55] [Server thread/INFO]: Sending server config values to client
[18:28:55] [Server thread/INFO]: Syncing config to Calamar892 (3db267cc-5653-38a8-90fd-bbcdac507f0a)
[18:28:55] [Server thread/INFO]: [betternether] Freeze Registry[ResourceKey[minecraft:root / worlds_together:worldgen/betterx/surface_rules] (Stable)]
[18:28:55] [Server thread/INFO]: Calamar892 joined the game
[18:28:55] [Netty Epoll Server IO #4/INFO]: Receiving client config
[18:28:56] [Netty Epoll Server IO #4/INFO]: Priority overwritten for player Calamar892. Claiming: GRAVE / Robbing: INVENTORY
[18:28:56] [Server thread/INFO]: [bclib] Received Hello from Client. (server=3.0.14, client=3.0.14)
[18:28:56] [Server thread/INFO]: [bclib] Sending Hello to Client. (server=3.0.14)
[18:28:56] [Server thread/INFO]: [bclib] 	- Listing Mod bclib v3.0.14 (size: 2.2 MiB, download=true)
[18:28:56] [Server thread/INFO]: [bclib] 	- Listing Mod betternether v9.0.10 (size: 21.9 MiB, download=true)
[18:28:56] [Server thread/INFO]: [bclib] 	- Offering Config bclib.CONFIG_betternether.main
[18:28:56] [Server thread/INFO]: [bclib] 	- Offering Config bclib.CONFIG_betternether.generator
[18:28:56] [Server thread/INFO]: [bclib] 	- Offering Config bclib.CONFIG_betternether.blocks
[18:28:56] [Server thread/INFO]: [bclib] 	- Offering Config bclib.CONFIG_betternether.items
[18:28:56] [Server thread/INFO]: [bclib] 	- Offering Config bclib.CONFIG_betternether.biomes
[18:28:56] [Server thread/INFO]: [bclib] 	- Offering Config bclib.CONFIG_betternether.mobs
[18:28:56] [Server thread/INFO]: [bclib] 	- Offering Config bclib.CONFIG_bclib.generator
[18:28:56] [Server thread/INFO]: [bclib] 	- Offering Config bclib.CONFIG_bclib.main
[18:28:56] [Server thread/INFO]: [bclib] 	- Offering Config bclib.CONFIG_bclib.biomes
[18:28:56] [Server thread/INFO]: [bclib] 	- Offering Config bclib.CONFIG_betterend.entities
[18:28:56] [Server thread/INFO]: [bclib] 	- Offering Config bclib.CONFIG_betterend.blocks
[18:28:56] [Server thread/INFO]: [bclib] 	- Offering Config bclib.CONFIG_betterend.items
[18:28:56] [Server thread/INFO]: [bclib] 	- Offering Config bclib.CONFIG_betterend.enchantments
[18:28:56] [Server thread/INFO]: [bclib] 	- Offering Folder /workspaces/Dungeon/servidor_minecraft/bclib-sync (allowDelete=true)
[18:28:59] [Server thread/WARN]: UUID of added entity already exists: class_1540['Falling Hanging Coconut'/4032, l='ServerLevel[world]', x=316.50, y=75.00, z=231.50]
[18:29:04] [Server thread/WARN]: UUID of added entity already exists: class_1540['Falling Hanging Coconut'/4044, l='ServerLevel[world]', x=316.50, y=75.00, z=233.50]
[18:30:03] [Server thread/INFO]: Asierito01OwO has made the advancement [Hot Stuff]
[18:30:05] [Server thread/WARN]: UUID of added entity already exists: class_1540['Falling Hanging Coconut'/4363, l='ServerLevel[world]', x=389.50, y=76.00, z=245.50]
[18:30:26] [Server thread/WARN]: UUID of added entity already exists: class_1540['Falling Hanging Coconut'/4431, l='ServerLevel[world]', x=390.50, y=76.00, z=244.50]
[18:30:29] [Server thread/INFO]: Asierito01OwO fell from a high place
[18:30:37] [Server thread/WARN]: UUID of added entity already exists: class_1540['Falling Hanging Coconut'/4512, l='ServerLevel[world]', x=54.50, y=74.00, z=222.50]
[18:30:45] [Server thread/WARN]: UUID of added entity already exists: class_1540['Falling Hanging Coconut'/4590, l='ServerLevel[world]', x=-10.50, y=74.00, z=171.50]
[18:30:46] [Server thread/WARN]: UUID of added entity already exists: class_1540['Falling Hanging Coconut'/4594, l='ServerLevel[world]', x=-43.50, y=74.00, z=132.50]
[18:30:48] [Server thread/WARN]: UUID of added entity already exists: class_1540['Falling Hanging Coconut'/4603, l='ServerLevel[world]', x=4.50, y=74.00, z=224.50]
[18:30:54] [Server thread/WARN]: UUID of added entity already exists: class_1540['Falling Hanging Coconut'/4632, l='ServerLevel[world]', x=-10.50, y=74.00, z=173.50]
[18:30:55] [Server thread/WARN]: UUID of added entity already exists: class_1540['Falling Hanging Coconut'/4635, l='ServerLevel[world]', x=13.50, y=75.00, z=205.50]
[18:30:58] [Server thread/WARN]: UUID of added entity already exists: class_1540['Falling Hanging Coconut'/4652, l='ServerLevel[world]', x=50.50, y=69.00, z=235.50]
[18:31:00] [Server thread/WARN]: UUID of added entity already exists: class_1540['Falling Hanging Coconut'/4656, l='ServerLevel[world]', x=352.50, y=77.00, z=227.50]
[18:31:00] [Server thread/WARN]: UUID of added entity already exists: class_1540['Falling Hanging Coconut'/4663, l='ServerLevel[world]', x=9.50, y=73.00, z=213.50]
[18:31:02] [Server thread/INFO]: Incorrect argument for command
[18:31:02] [Server thread/INFO]: ...asierto01 calamar89tp asierito01owo caop calamar<--[HERE]
[18:31:03] [Server thread/WARN]: UUID of added entity already exists: class_1540['Falling Hanging Coconut'/4694, l='ServerLevel[world]', x=50.50, y=69.00, z=237.50]
[18:31:07] [Server thread/WARN]: UUID of added entity already exists: class_1540['Falling Hanging Coconut'/4711, l='ServerLevel[world]', x=328.50, y=74.00, z=216.50]
[18:31:07] [Server thread/INFO]: Unknown or incomplete command, see below for error
[18:31:07] [Server thread/INFO]: [Aop calamar892<--[HERE]
[18:31:09] [Server thread/WARN]: UUID of added entity already exists: class_1540['Falling Hanging Coconut'/4719, l='ServerLevel[world]', x=18.50, y=79.00, z=196.50]
[18:31:09] [Server thread/WARN]: UUID of added entity already exists: class_1540['Falling Hanging Coconut'/4720, l='ServerLevel[world]', x=83.50, y=83.00, z=195.50]
[18:31:14] [Server thread/INFO]: Unknown or incomplete command, see below for error
[18:31:14] [Server thread/INFO]: +op calamar892<--[HERE]
[18:31:19] [Server thread/INFO]: Made Calamar892 a server operator
[18:31:25] [Server thread/INFO]: [Calamar892: Teleported Asierito01OwO to Calamar892]
[18:31:28] [Server thread/INFO]: [Calamar892: Made Calamar892 no longer a server operator]
[18:31:29] [Server thread/WARN]: UUID of added entity already exists: class_1540['Falling Hanging Coconut'/4859, l='ServerLevel[world]', x=231.50, y=77.00, z=219.50]
[18:31:46] [Server thread/WARN]: UUID of added entity already exists: class_1540['Falling Hanging Coconut'/4935, l='ServerLevel[world]', x=318.50, y=75.00, z=232.50]
[18:31:52] [Server thread/INFO]: Asierito01OwO claimed a grave belonging to Asierito01OwO at 431, 80, 171, minecraft:overworld
[18:32:10] [Server thread/WARN]: UUID of added entity already exists: class_1540['Falling Hanging Coconut'/5153, l='ServerLevel[world]', x=187.50, y=79.00, z=208.50]
[18:32:13] [Server thread/WARN]: UUID of added entity already exists: class_1540['Falling Hanging Coconut'/5174, l='ServerLevel[world]', x=429.50, y=81.00, z=218.50]
[18:32:23] [Server thread/WARN]: UUID of added entity already exists: class_1540['Falling Hanging Coconut'/5264, l='ServerLevel[world]', x=38.50, y=81.00, z=175.50]
[18:32:43] [Server thread/WARN]: UUID of added entity already exists: class_1540['Falling Hanging Coconut'/5454, l='ServerLevel[world]', x=-36.50, y=72.00, z=115.50]
[18:32:50] [Server thread/WARN]: UUID of added entity already exists: class_1540['Falling Hanging Coconut'/5495, l='ServerLevel[world]', x=52.50, y=74.00, z=224.50]
[18:32:51] [Server thread/WARN]: UUID of added entity already exists: class_1540['Falling Hanging Coconut'/5500, l='ServerLevel[world]', x=-26.50, y=74.00, z=151.50]
[18:32:56] [Server thread/WARN]: UUID of added entity already exists: class_1540['Falling Hanging Coconut'/5519, l='ServerLevel[world]', x=66.50, y=77.00, z=212.50]
[18:33:15] [Server thread/WARN]: UUID of added entity already exists: class_1540['Falling Hanging Coconut'/5670, l='ServerLevel[world]', x=83.50, y=83.00, z=193.50]
[18:33:16] [Server thread/WARN]: UUID of added entity already exists: class_1540['Falling Hanging Coconut'/5676, l='ServerLevel[world]', x=-49.50, y=71.00, z=196.50]
[18:33:17] [Server thread/WARN]: UUID of added entity already exists: class_1540['Falling Hanging Coconut'/5704, l='ServerLevel[world]', x=-43.50, y=71.00, z=225.50]
[18:33:20] [Server thread/WARN]: UUID of added entity already exists: class_1540['Falling Hanging Coconut'/5762, l='ServerLevel[world]', x=-12.50, y=74.00, z=172.50]
[18:33:25] [Server thread/WARN]: UUID of added entity already exists: class_1540['Falling Hanging Coconut'/5851, l='ServerLevel[world]', x=-95.50, y=74.00, z=128.50]
[18:33:41] [Worker-Main-1/ERROR]: Hanging entity at invalid position: class_2338{x=-187, y=-46, z=-151}
[18:33:41] [Worker-Main-1/ERROR]: Hanging entity at invalid position: class_2338{x=-187, y=-46, z=-143}
[18:33:45] [Worker-Main-3/ERROR]: Hanging entity at invalid position: class_2338{x=-185, y=-46, z=-142}
[18:33:45] [Worker-Main-3/ERROR]: Hanging entity at invalid position: class_2338{x=-176, y=-50, z=-133}
[18:33:45] [Worker-Main-3/ERROR]: Hanging entity at invalid position: class_2338{x=-172, y=-50, z=-135}
[18:33:49] [Server thread/WARN]: UUID of added entity already exists: class_1540['Falling Hanging Coconut'/6218, l='ServerLevel[world]', x=49.50, y=69.00, z=235.50]
[18:33:51] [Server thread/WARN]: UUID of added entity already exists: class_1540['Falling Hanging Coconut'/6250, l='ServerLevel[world]', x=171.50, y=81.00, z=216.50]
[18:33:53] [Server thread/WARN]: UUID of added entity already exists: class_1540['Falling Hanging Coconut'/6266, l='ServerLevel[world]', x=18.50, y=79.00, z=195.50]
[18:33:53] [Server thread/WARN]: UUID of added entity already exists: class_1540['Falling Hanging Coconut'/6269, l='ServerLevel[world]', x=-23.50, y=76.00, z=200.50]
[18:33:53] [Server thread/WARN]: UUID of added entity already exists: class_1540['Falling Hanging Coconut'/6274, l='ServerLevel[world]', x=-41.50, y=71.00, z=226.50]
[18:33:59] [Server thread/WARN]: UUID of added entity already exists: class_1540['Falling Hanging Coconut'/6330, l='ServerLevel[world]', x=-26.50, y=74.00, z=150.50]
[18:34:00] [Server thread/WARN]: UUID of added entity already exists: class_1540['Falling Hanging Coconut'/6366, l='ServerLevel[world]', x=-80.50, y=74.00, z=127.50]
[18:34:01] [Server thread/WARN]: UUID of added entity already exists: class_1540['Falling Hanging Coconut'/6374, l='ServerLevel[world]', x=428.50, y=81.00, z=216.50]
[18:34:20] [Server thread/WARN]: UUID of added entity already exists: class_1540['Falling Hanging Coconut'/6601, l='ServerLevel[world]', x=84.50, y=83.00, z=195.50]
[18:34:27] [Server thread/WARN]: UUID of added entity already exists: class_1540['Falling Hanging Coconut'/6684, l='ServerLevel[world]', x=-76.50, y=68.00, z=139.50]
[18:34:29] [Server thread/WARN]: UUID of added entity already exists: class_1540['Falling Hanging Coconut'/6691, l='ServerLevel[world]', x=5.50, y=74.00, z=226.50]
[18:34:32] [Server thread/WARN]: UUID of added entity already exists: class_1540['Falling Hanging Coconut'/6703, l='ServerLevel[world]', x=-100.50, y=70.00, z=184.50]
[18:34:35] [Server thread/WARN]: UUID of added entity already exists: class_1540['Falling Hanging Coconut'/6760, l='ServerLevel[world]', x=-15.50, y=73.00, z=217.50]
[18:34:38] [Server thread/WARN]: UUID of added entity already exists: class_1540['Falling Hanging Coconut'/6818, l='ServerLevel[world]', x=-22.50, y=76.00, z=201.50]
[18:34:40] [Server thread/WARN]: UUID of added entity already exists: class_1540['Falling Hanging Coconut'/6852, l='ServerLevel[world]', x=23.50, y=74.00, z=226.50]
[18:34:42] [Server thread/WARN]: UUID of added entity already exists: class_1540['Falling Hanging Coconut'/6869, l='ServerLevel[world]', x=-10.50, y=74.00, z=172.50]
[18:34:50] [Server thread/WARN]: UUID of added entity already exists: class_1540['Falling Hanging Coconut'/7029, l='ServerLevel[world]', x=4.50, y=71.00, z=230.50]
[18:34:55] [Server thread/WARN]: UUID of added entity already exists: class_1540['Falling Hanging Coconut'/7105, l='ServerLevel[world]', x=429.50, y=81.00, z=216.50]
[18:35:00] [Server thread/WARN]: UUID of added entity already exists: class_1540['Falling Hanging Coconut'/7156, l='ServerLevel[world]', x=49.50, y=69.00, z=237.50]
[18:35:03] [Server thread/WARN]: UUID of added entity already exists: class_1540['Falling Hanging Coconut'/7177, l='ServerLevel[world]', x=62.50, y=77.00, z=206.50]
[18:35:06] [Server thread/WARN]: UUID of added entity already exists: class_1540['Falling Hanging Coconut'/7192, l='ServerLevel[world]', x=-34.50, y=75.00, z=185.50]
[18:35:14] [Server thread/WARN]: UUID of added entity already exists: class_1540['Falling Hanging Coconut'/7219, l='ServerLevel[world]', x=-77.50, y=71.00, z=153.50]
[18:35:14] [Server thread/WARN]: UUID of added entity already exists: class_1540['Falling Hanging Coconut'/7220, l='ServerLevel[world]', x=-48.50, y=74.00, z=148.50]
[18:35:21] [Server thread/WARN]: UUID of added entity already exists: class_1540['Falling Hanging Coconut'/7251, l='ServerLevel[world]', x=-111.50, y=73.00, z=174.50]
[18:35:25] [Server thread/WARN]: UUID of added entity already exists: class_1540['Falling Hanging Coconut'/7278, l='ServerLevel[world]', x=33.50, y=81.00, z=181.50]
[18:35:35] [Server thread/WARN]: UUID of added entity already exists: class_1540['Falling Hanging Coconut'/7315, l='ServerLevel[world]', x=48.50, y=69.00, z=235.50]
[18:35:44] [Server thread/WARN]: UUID of added entity already exists: class_1540['Falling Hanging Coconut'/7379, l='ServerLevel[world]', x=-77.50, y=68.00, z=139.50]
[18:36:20] [Server thread/WARN]: UUID of added entity already exists: class_1540['Falling Hanging Coconut'/7583, l='ServerLevel[world]', x=48.50, y=69.00, z=236.50]
[18:36:21] [Server thread/INFO]: Asierito01OwO has made the advancement [Isn't It Iron Pick]
[18:36:22] [Server thread/WARN]: UUID of added entity already exists: class_1540['Falling Hanging Coconut'/7590, l='ServerLevel[world]', x=53.50, y=74.00, z=224.50]
[18:36:27] [Server thread/WARN]: UUID of added entity already exists: class_1540['Falling Hanging Coconut'/7621, l='ServerLevel[world]', x=36.50, y=81.00, z=174.50]
[18:36:28] [Server thread/WARN]: UUID of added entity already exists: class_1540['Falling Hanging Coconut'/7626, l='ServerLevel[world]', x=-55.50, y=70.00, z=168.50]
[18:36:36] [Server thread/WARN]: UUID of added entity already exists: class_1540['Falling Hanging Coconut'/7705, l='ServerLevel[world]', x=66.50, y=77.00, z=213.50]
[18:36:43] [Server thread/WARN]: UUID of added entity already exists: class_1540['Falling Hanging Coconut'/7769, l='ServerLevel[world]', x=-24.50, y=74.00, z=149.50]
[18:36:43] [Server thread/WARN]: UUID of added entity already exists: class_1540['Falling Hanging Coconut'/7770, l='ServerLevel[world]', x=-113.50, y=73.00, z=173.50]
[18:36:45] [Server thread/WARN]: UUID of added entity already exists: class_1540['Falling Hanging Coconut'/7782, l='ServerLevel[world]', x=43.50, y=78.00, z=205.50]
[18:36:45] [Server thread/WARN]: UUID of added entity already exists: class_1540['Falling Hanging Coconut'/7783, l='ServerLevel[world]', x=-13.50, y=73.00, z=178.50]
[18:37:00] [Server thread/WARN]: UUID of added entity already exists: class_1540['Falling Hanging Coconut'/7909, l='ServerLevel[world]', x=231.50, y=77.00, z=217.50]
[18:37:14] [Server thread/WARN]: UUID of added entity already exists: class_1540['Falling Hanging Coconut'/8066, l='ServerLevel[world]', x=-16.50, y=73.00, z=219.50]
[18:37:21] [Server thread/WARN]: UUID of added entity already exists: class_1540['Falling Hanging Coconut'/8155, l='ServerLevel[world]', x=104.50, y=83.00, z=204.50]
[18:37:23] [Server thread/WARN]: UUID of added entity already exists: class_1540['Falling Hanging Coconut'/8175, l='ServerLevel[world]', x=-76.50, y=68.00, z=141.50]
[18:37:50] [Server thread/INFO]: Calamar892 has made the advancement [Cobweb Entanglement]
[18:38:47] [Server thread/WARN]: UUID of added entity already exists: class_1540['Falling Hanging Coconut'/8685, l='ServerLevel[world]', x=-115.50, y=73.00, z=159.50]
[18:39:06] [Server thread/WARN]: UUID of added entity already exists: class_1540['Falling Hanging Coconut'/8777, l='ServerLevel[world]', x=-100.50, y=70.00, z=186.50]
[18:39:07] [Server thread/WARN]: UUID of added entity already exists: class_1540['Falling Hanging Coconut'/8783, l='ServerLevel[world]', x=-48.50, y=74.00, z=147.50]
[18:39:30] [Server thread/INFO]: Calamar892 has made the advancement [Sweet Dreams]
[18:39:47] [Server thread/INFO]: Neropou777 has made the advancement [Take Aim]
[18:40:24] [Server thread/INFO]: Calamar892 has made the advancement [Monster Hunter]
[18:40:37] [Worker-Main-1/ERROR]: Hanging entity at invalid position: class_2338{x=-11, y=-54, z=184}
[18:40:56] [Server thread/INFO]: felipaosxdd[/127.46.195.96:42669] logged in with entity id 9432 at (56.5, 73.0, 131.5)
[18:40:56] [Server thread/INFO]: Sending server config values to client
[18:40:56] [Server thread/INFO]: Syncing config to felipaosxdd (dda18968-c5f4-3eec-9435-758c8dea98b0)
[18:40:56] [Server thread/INFO]: [betternether] Freeze Registry[ResourceKey[minecraft:root / worlds_together:worldgen/betterx/surface_rules] (Stable)]
[18:40:56] [Server thread/INFO]: felipaosxdd joined the game
[18:40:57] [Netty Epoll Server IO #1/INFO]: Receiving client config
[18:41:00] [Server thread/WARN]: UUID of added entity already exists: class_1540['Falling Hanging Coconut'/9550, l='ServerLevel[world]', x=153.50, y=81.00, z=199.50]
[18:41:01] [Netty Epoll Server IO #1/INFO]: Priority overwritten for player felipaosxdd. Claiming: GRAVE / Robbing: INVENTORY
[18:41:01] [Server thread/INFO]: [bclib] Received Hello from Client. (server=3.0.14, client=3.0.14)
[18:41:01] [Server thread/INFO]: [bclib] Sending Hello to Client. (server=3.0.14)
[18:41:01] [Server thread/INFO]: [bclib] 	- Listing Mod bclib v3.0.14 (size: 2.2 MiB, download=true)
[18:41:01] [Server thread/INFO]: [bclib] 	- Listing Mod betternether v9.0.10 (size: 21.9 MiB, download=true)
[18:41:01] [Server thread/INFO]: [bclib] 	- Offering Config bclib.CONFIG_betternether.main
[18:41:01] [Server thread/INFO]: [bclib] 	- Offering Config bclib.CONFIG_betternether.generator
[18:41:01] [Server thread/INFO]: [bclib] 	- Offering Config bclib.CONFIG_betternether.blocks
[18:41:01] [Server thread/INFO]: [bclib] 	- Offering Config bclib.CONFIG_betternether.items
[18:41:01] [Server thread/INFO]: [bclib] 	- Offering Config bclib.CONFIG_betternether.biomes
[18:41:01] [Server thread/INFO]: [bclib] 	- Offering Config bclib.CONFIG_betternether.mobs
[18:41:01] [Server thread/INFO]: [bclib] 	- Offering Config bclib.CONFIG_bclib.generator
[18:41:01] [Server thread/INFO]: [bclib] 	- Offering Config bclib.CONFIG_bclib.main
[18:41:01] [Server thread/INFO]: [bclib] 	- Offering Config bclib.CONFIG_bclib.biomes
[18:41:01] [Server thread/INFO]: [bclib] 	- Offering Config bclib.CONFIG_betterend.entities
[18:41:01] [Server thread/INFO]: [bclib] 	- Offering Config bclib.CONFIG_betterend.blocks
[18:41:01] [Server thread/INFO]: [bclib] 	- Offering Config bclib.CONFIG_betterend.items
[18:41:01] [Server thread/INFO]: [bclib] 	- Offering Config bclib.CONFIG_betterend.enchantments
[18:41:01] [Server thread/INFO]: [bclib] 	- Offering Folder /workspaces/Dungeon/servidor_minecraft/bclib-sync (allowDelete=true)
[18:41:07] [Server thread/WARN]: UUID of added entity already exists: class_1540['Falling Hanging Coconut'/9622, l='ServerLevel[world]', x=-41.50, y=71.00, z=206.50]
[18:41:10] [Server thread/WARN]: UUID of added entity already exists: class_1540['Falling Hanging Coconut'/9639, l='ServerLevel[world]', x=35.50, y=81.00, z=180.50]
[18:41:16] [Server thread/WARN]: UUID of added entity already exists: class_1540['Falling Hanging Coconut'/9668, l='ServerLevel[world]', x=-29.50, y=74.00, z=186.50]
[18:41:24] [Server thread/WARN]: UUID of added entity already exists: class_1540['Falling Hanging Coconut'/9698, l='ServerLevel[world]', x=63.50, y=77.00, z=205.50]
[18:41:26] [Server thread/WARN]: UUID of added entity already exists: class_1540['Falling Hanging Coconut'/9721, l='ServerLevel[world]', x=13.50, y=75.00, z=206.50]
[18:41:59] [Server thread/WARN]: UUID of added entity already exists: class_1540['Falling Hanging Coconut'/10231, l='ServerLevel[world]', x=3.50, y=74.00, z=226.50]
[18:42:13] [Server thread/WARN]: UUID of added entity already exists: class_1540['Falling Hanging Coconut'/10341, l='ServerLevel[world]', x=-12.50, y=73.00, z=179.50]
[18:42:45] [Worker-Main-3/ERROR]: Hanging entity at invalid position: class_2338{x=-501, y=-58, z=-561}
[18:42:45] [Worker-Main-3/ERROR]: Hanging entity at invalid position: class_2338{x=-501, y=-58, z=-560}
[18:42:45] [Worker-Main-3/ERROR]: Hanging entity at invalid position: class_2338{x=-501, y=-58, z=-558}
[18:42:45] [Worker-Main-3/ERROR]: Hanging entity at invalid position: class_2338{x=-498, y=-58, z=-555}
[18:43:02] [Server thread/WARN]: UUID of added entity already exists: class_1540['Falling Hanging Coconut'/10811, l='ServerLevel[world]', x=169.50, y=81.00, z=218.50]
[18:43:03] [Server thread/WARN]: UUID of added entity already exists: class_1540['Falling Hanging Coconut'/10826, l='ServerLevel[world]', x=186.50, y=79.00, z=209.50]
[18:43:10] [Server thread/WARN]: UUID of added entity already exists: class_1540['Falling Hanging Coconut'/10870, l='ServerLevel[world]', x=-95.50, y=74.00, z=129.50]
[18:43:19] [Worker-Main-2/ERROR]: Hanging entity at invalid position: class_2338{x=-499, y=-58, z=-554}
[18:43:19] [Worker-Main-2/ERROR]: Hanging entity at invalid position: class_2338{x=-500, y=-58, z=-554}
[18:43:19] [Worker-Main-2/ERROR]: Hanging entity at invalid position: class_2338{x=-501, y=-58, z=-554}
[18:43:19] [Server thread/INFO]: Named entity class_1439['Behemoth'/8521, l='ServerLevel[world]', x=26.98, y=71.00, z=147.05] died: Behemoth was slain by felipaosxdd
[18:43:21] [Server thread/INFO]: felipaosxdd has made the advancement [Acquire Hardware]
[18:43:22] [Server thread/WARN]: UUID of added entity already exists: class_1540['Falling Hanging Coconut'/11048, l='ServerLevel[world]', x=2.50, y=71.00, z=228.50]
[18:43:22] [Worker-Main-1/ERROR]: Hanging entity at invalid position: class_2338{x=2, y=-56, z=104}
[18:43:22] [Worker-Main-1/ERROR]: Hanging entity at invalid position: class_2338{x=2, y=-57, z=104}
[18:43:23] [Worker-Main-3/ERROR]: Hanging entity at invalid position: class_2338{x=-4, y=-56, z=103}
[18:43:29] [Server thread/WARN]: UUID of added entity already exists: class_1540['Falling Hanging Coconut'/11154, l='ServerLevel[world]', x=14.50, y=73.00, z=215.50]
[18:43:29] [Server thread/WARN]: UUID of added entity already exists: class_1540['Falling Hanging Coconut'/11165, l='ServerLevel[world]', x=-111.50, y=73.00, z=172.50]
[18:43:50] [Worker-Main-3/WARN]: Tried to access a block entity before it was created. class_2338{x=120, y=79, z=-304}
[18:43:50] [Worker-Main-3/WARN]: Tried to access a block entity before it was created. class_2338{x=120, y=79, z=-304}
[18:43:53] [Server thread/WARN]: UUID of added entity already exists: class_1540['Falling Hanging Coconut'/11342, l='ServerLevel[world]', x=-113.50, y=73.00, z=172.50]
[18:43:57] [Server thread/INFO]: felipaosxdd has made the advancement [Take Aim]
[18:44:00] [Server thread/WARN]: UUID of added entity already exists: class_1540['Falling Hanging Coconut'/11381, l='ServerLevel[world]', x=-99.50, y=70.00, z=186.50]
[18:44:10] [Worker-Main-1/ERROR]: Hanging entity at invalid position: class_2338{x=1, y=-57, z=105}
[18:44:10] [Worker-Main-2/WARN]: Tried to access a block entity before it was created. class_2338{x=-440, y=85, z=-291}
[18:44:10] [Worker-Main-2/WARN]: Tried to access a block entity before it was created. class_2338{x=-440, y=85, z=-291}
[18:44:10] [Worker-Main-2/ERROR]: Hanging entity at invalid position: class_2338{x=-284, y=26, z=-592}
[18:44:10] [Worker-Main-2/ERROR]: Hanging entity at invalid position: class_2338{x=-284, y=27, z=-592}
[18:44:10] [Worker-Main-2/ERROR]: Hanging entity at invalid position: class_2338{x=-275, y=27, z=-591}
[18:44:10] [Worker-Main-2/ERROR]: Hanging entity at invalid position: class_2338{x=-282, y=35, z=-587}
[18:44:14] [Worker-Main-2/ERROR]: Hanging entity at invalid position: class_2338{x=-365, y=26, z=-615}
[18:44:14] [Worker-Main-2/ERROR]: Hanging entity at invalid position: class_2338{x=-364, y=26, z=-609}
[18:44:14] [Worker-Main-2/ERROR]: Hanging entity at invalid position: class_2338{x=-366, y=26, z=-609}
[18:44:14] [Worker-Main-2/ERROR]: Hanging entity at invalid position: class_2338{x=-366, y=26, z=-613}
[18:44:14] [Worker-Main-2/ERROR]: Hanging entity at invalid position: class_2338{x=-365, y=26, z=-613}
[18:44:14] [Worker-Main-2/ERROR]: Hanging entity at invalid position: class_2338{x=-364, y=26, z=-613}
[18:44:14] [Worker-Main-2/ERROR]: Hanging entity at invalid position: class_2338{x=-358, y=26, z=-614}
[18:44:14] [Worker-Main-2/ERROR]: Hanging entity at invalid position: class_2338{x=-358, y=26, z=-615}
[18:44:14] [Worker-Main-2/ERROR]: Hanging entity at invalid position: class_2338{x=-358, y=26, z=-616}
[18:44:14] [Worker-Main-2/ERROR]: Hanging entity at invalid position: class_2338{x=-356, y=26, z=-615}
[18:44:14] [Worker-Main-2/ERROR]: Hanging entity at invalid position: class_2338{x=-356, y=26, z=-614}
[18:44:14] [Worker-Main-2/ERROR]: Hanging entity at invalid position: class_2338{x=-365, y=26, z=-607}
[18:44:14] [Worker-Main-2/ERROR]: Hanging entity at invalid position: class_2338{x=-358, y=26, z=-606}
[18:44:14] [Worker-Main-2/ERROR]: Hanging entity at invalid position: class_2338{x=-356, y=26, z=-606}
[18:44:14] [Worker-Main-2/ERROR]: Hanging entity at invalid position: class_2338{x=-364, y=26, z=-630}
[18:44:14] [Worker-Main-2/ERROR]: Hanging entity at invalid position: class_2338{x=-364, y=26, z=-631}
[18:44:14] [Worker-Main-2/ERROR]: Hanging entity at invalid position: class_2338{x=-362, y=26, z=-631}
[18:44:14] [Worker-Main-2/ERROR]: Hanging entity at invalid position: class_2338{x=-362, y=26, z=-629}
[18:44:14] [Worker-Main-2/ERROR]: Hanging entity at invalid position: class_2338{x=-356, y=26, z=-626}
[18:44:14] [Worker-Main-2/ERROR]: Hanging entity at invalid position: class_2338{x=-355, y=26, z=-628}
[18:44:14] [Worker-Main-2/ERROR]: Hanging entity at invalid position: class_2338{x=-354, y=26, z=-626}
[18:44:14] [Worker-Main-2/ERROR]: Hanging entity at invalid position: class_2338{x=-364, y=26, z=-623}
[18:44:14] [Worker-Main-2/ERROR]: Hanging entity at invalid position: class_2338{x=-362, y=26, z=-622}
[18:44:14] [Worker-Main-2/ERROR]: Hanging entity at invalid position: class_2338{x=-362, y=26, z=-623}
[18:44:14] [Worker-Main-2/ERROR]: Hanging entity at invalid position: class_2338{x=-354, y=26, z=-622}
[18:44:14] [Worker-Main-2/ERROR]: Hanging entity at invalid position: class_2338{x=-355, y=26, z=-622}
[18:44:14] [Worker-Main-2/ERROR]: Hanging entity at invalid position: class_2338{x=-355, y=26, z=-620}
[18:44:14] [Worker-Main-2/ERROR]: Hanging entity at invalid position: class_2338{x=-356, y=26, z=-620}
[18:44:14] [Worker-Main-1/ERROR]: Hanging entity at invalid position: class_2338{x=12, y=-59, z=185}
[18:44:14] [Worker-Main-1/ERROR]: Hanging entity at invalid position: class_2338{x=-284, y=26, z=-592}
[18:44:14] [Worker-Main-1/ERROR]: Hanging entity at invalid position: class_2338{x=-284, y=27, z=-592}
[18:44:14] [Worker-Main-1/ERROR]: Hanging entity at invalid position: class_2338{x=-275, y=27, z=-591}
[18:44:14] [Worker-Main-1/ERROR]: Hanging entity at invalid position: class_2338{x=-282, y=35, z=-587}
[18:44:14] [Worker-Main-1/ERROR]: Hanging entity at invalid position: class_2338{x=-315, y=114, z=371}
[18:44:16] [Worker-Main-2/ERROR]: Hanging entity at invalid position: class_2338{x=-250, y=27, z=-536}
[18:44:16] [Worker-Main-2/ERROR]: Hanging entity at invalid position: class_2338{x=-251, y=27, z=-536}
[18:44:16] [Worker-Main-2/ERROR]: Hanging entity at invalid position: class_2338{x=-252, y=27, z=-536}
[18:44:16] [Worker-Main-2/ERROR]: Hanging entity at invalid position: class_2338{x=-250, y=28, z=-536}
[18:44:16] [Worker-Main-2/ERROR]: Hanging entity at invalid position: class_2338{x=-251, y=28, z=-536}
[18:44:16] [Worker-Main-2/ERROR]: Hanging entity at invalid position: class_2338{x=-252, y=28, z=-536}
[18:44:17] [Worker-Main-1/ERROR]: Hanging entity at invalid position: class_2338{x=-330, y=27, z=-542}
[18:44:17] [Server thread/WARN]: Neropou777 moved too quickly! -6.215735401267722,1.495200877005928,-7.902052330321055
[18:44:17] [Server thread/WARN]: Can't keep up! Is the server overloaded? Running 3299ms or 65 ticks behind
[18:44:17] [Worker-Main-2/ERROR]: Hanging entity at invalid position: class_2338{x=-284, y=26, z=-592}
[18:44:17] [Worker-Main-2/ERROR]: Hanging entity at invalid position: class_2338{x=-284, y=27, z=-592}
[18:44:17] [Worker-Main-2/ERROR]: Hanging entity at invalid position: class_2338{x=-275, y=27, z=-591}
[18:44:17] [Worker-Main-2/ERROR]: Hanging entity at invalid position: class_2338{x=-282, y=35, z=-587}
[18:44:17] [Worker-Main-2/ERROR]: Hanging entity at invalid position: class_2338{x=-329, y=27, z=-542}
[18:44:17] [Worker-Main-2/ERROR]: Hanging entity at invalid position: class_2338{x=-329, y=32, z=-542}
[18:44:19] [Worker-Main-3/WARN]: Tried to access a block entity before it was created. class_2338{x=-479, y=-7, z=15}
[18:44:27] [Server thread/WARN]: UUID of added entity already exists: class_1540['Falling Hanging Coconut'/13129, l='ServerLevel[world]', x=106.50, y=83.00, z=204.50]
[18:44:28] [Server thread/WARN]: UUID of added entity already exists: class_1540['Falling Hanging Coconut'/13183, l='ServerLevel[world]', x=20.50, y=79.00, z=197.50]
[18:44:29] [Server thread/WARN]: UUID of added entity already exists: class_1540['Falling Hanging Coconut'/13357, l='ServerLevel[world]', x=65.50, y=77.00, z=214.50]
[18:44:34] [Server thread/WARN]: UUID of added entity already exists: class_1540['Falling Hanging Coconut'/13629, l='ServerLevel[world]', x=-114.50, y=73.00, z=159.50]
[18:44:39] [Server thread/WARN]: UUID of added entity already exists: class_1540['Falling Hanging Coconut'/14228, l='ServerLevel[world]', x=-281.50, y=75.00, z=-96.50]
[18:44:43] [Server thread/INFO]: felipaosxdd has made the advancement [Stone Age]
[18:44:48] [Server thread/WARN]: UUID of added entity already exists: class_1540['Falling Hanging Coconut'/14581, l='ServerLevel[world]', x=-34.50, y=70.00, z=159.50]
[18:44:56] [Server thread/WARN]: UUID of added entity already exists: class_1540['Falling Hanging Coconut'/14844, l='ServerLevel[world]', x=9.50, y=73.00, z=211.50]
[18:45:03] [Server thread/WARN]: UUID of added entity already exists: class_1540['Falling Hanging Coconut'/15096, l='ServerLevel[world]', x=-16.50, y=73.00, z=218.50]
[18:45:06] [Server thread/WARN]: UUID of added entity already exists: class_1540['Falling Hanging Coconut'/15194, l='ServerLevel[world]', x=-14.50, y=73.00, z=219.50]
[18:45:13] [Server thread/INFO]: felipaosxdd has made the advancement [Isn't It Iron Pick]
[18:45:16] [Server thread/WARN]: UUID of added entity already exists: class_1540['Falling Hanging Coconut'/16210, l='ServerLevel[world]', x=-49.50, y=71.00, z=198.50]
[18:45:27] [Server thread/INFO]: Villager class_1646['Xiaoping Frothingham'/13740, l='ServerLevel[world]', x=-476.28, y=80.00, z=-285.37] died, message: 'Xiaoping Frothingham suffocated in a wall'
[18:45:27] [Server thread/INFO]: Named entity class_1646['Xiaoping Frothingham'/13740, l='ServerLevel[world]', x=-476.28, y=80.00, z=-285.37] died: Xiaoping Frothingham suffocated in a wall
[18:45:33] [Server thread/WARN]: UUID of added entity already exists: class_1540['Falling Hanging Coconut'/16479, l='ServerLevel[world]', x=15.50, y=73.00, z=214.50]
[18:45:53] [Server thread/INFO]: Teleported Calamar892 to Neropou777
[18:45:57] [Server thread/INFO]: <felipaosxdd> donde es?
[18:46:04] [Server thread/INFO]: Asierito01OwO has made the advancement [Mine Cells]
[18:46:07] [Server thread/WARN]: UUID of added entity already exists: class_1540['Falling Hanging Coconut'/17059, l='ServerLevel[world]', x=3.50, y=71.00, z=228.50]
[18:46:30] [Server thread/WARN]: UUID of added entity already exists: class_1540['Falling Hanging Coconut'/17219, l='ServerLevel[world]', x=87.50, y=80.00, z=210.50]
[18:46:35] [Server thread/WARN]: UUID of added entity already exists: class_1540['Falling Hanging Coconut'/17248, l='ServerLevel[world]', x=76.50, y=83.00, z=189.50]
[18:46:47] [Server thread/WARN]: UUID of added entity already exists: class_1540['Falling Hanging Coconut'/17358, l='ServerLevel[world]', x=-280.50, y=75.00, z=-95.50]
[18:46:54] [Server thread/WARN]: UUID of added entity already exists: class_1540['Falling Hanging Coconut'/17449, l='ServerLevel[world]', x=37.50, y=81.00, z=173.50]
[18:47:01] [Server thread/INFO]: Asierito01OwO has made the advancement [Behind bars]
[18:47:03] [Server thread/WARN]: Asierito01OwO moved too quickly! 231.0445510041218,-82.5,197.86250001192093
[18:47:20] [Server thread/WARN]: Asierito01OwO moved too quickly! -229.86250001192093,85.5,-198.88561081947512
[18:47:28] [Server thread/INFO]: <felipaosxdd> tp
[18:47:37] [Server thread/WARN]: UUID of added entity already exists: class_1540['Falling Hanging Coconut'/18053, l='ServerLevel[world]', x=-299.50, y=80.00, z=-106.50]
[18:47:39] [Server thread/INFO]: Made Calamar892 a server operator
[18:47:41] [Server thread/WARN]: UUID of added entity already exists: class_1540['Falling Hanging Coconut'/18092, l='ServerLevel[world]', x=-297.50, y=80.00, z=-106.50]
[18:47:45] [Server thread/INFO]: [Calamar892: Teleported felipaosxdd to Calamar892]
[18:47:47] [Server thread/INFO]: [Calamar892: Teleported Asierito01OwO to Calamar892]
[18:48:22] [Server thread/INFO]: Named entity class_1439['C3-P0'/13798, l='ServerLevel[world]', x=-488.21, y=80.50, z=-239.02] died: C3-P0 was slain by felipaosxdd
[18:49:07] [Server thread/INFO]: Asierito01OwO has made the advancement [Cover Me with Diamonds]
[18:49:24] [Server thread/INFO]: <felipaosxdd> bloqes de carbon arriba jaja
[18:49:29] [Server thread/INFO]: Neropou777 has reached the goal [Choose your path]
[18:49:52] [Server thread/INFO]: Asierito01OwO has reached the goal [Choose your path]
[18:50:03] [Server thread/INFO]: Calamar892 has reached the goal [Choose your path]
[18:50:08] [Server thread/INFO]: Neropou777 has made the advancement [Cover Me with Diamonds]
[18:50:38] [Server thread/INFO]: felipaosxdd has made the advancement [Sweet Dreams]
[18:50:48] [Server thread/INFO]: <felipaosxdd> tengo enderperl te sirve?
[18:50:55] [Server thread/INFO]: <felipaosxdd> ok
[18:51:55] [Server thread/INFO]: Calamar892 has made the advancement [Suit Up]
[18:52:01] [Server thread/INFO]: <felipaosxdd> cuarzo
[18:53:57] [Server thread/INFO]: <felipaosxdd> como se hace la bolsa?
[18:54:49] [Server thread/INFO]: felipaosxdd has made the advancement [Getting an Upgrade]
[18:57:12] [Server thread/INFO]: <felipaosxdd> tengo anillos de hierro y cobre quieren?
[18:57:27] [Server thread/WARN]: UUID of added entity already exists: class_1540['Falling Hanging Coconut'/21085, l='ServerLevel[world]', x=-298.50, y=80.00, z=-106.50]
[18:57:40] [Server thread/INFO]: Asierito01OwO has made the advancement [Path of Arcane]
[18:57:52] [Server thread/WARN]: UUID of added entity already exists: class_1540['Falling Hanging Coconut'/21185, l='ServerLevel[world]', x=-343.50, y=73.00, z=-129.50]
[18:57:52] [Server thread/INFO]: <felipaosxdd> de q hablan
[18:58:25] [Server thread/INFO]: Neropou777 has made the advancement [Path of Strength]
[18:58:26] [Server thread/INFO]: Calamar892 has made the advancement [Path of Justice]
[18:58:28] [Server thread/INFO]: felipaosxdd has reached the goal [Choose your path]
[18:58:36] [Server thread/INFO]: <felipaosxdd> tien un libro de sobra?
[18:58:59] [Server thread/INFO]: felipaosxdd has made the advancement [Cover Me with Diamonds]
[18:59:24] [Server thread/INFO]: Calamar892 has made the advancement [Mine Cells]
[18:59:26] [Server thread/INFO]: Neropou777 has made the advancement [Mine Cells]
[18:59:26] [Server thread/INFO]: Calamar892 has made the advancement [Behind bars]
[18:59:27] [Server thread/WARN]: Calamar892 moved too quickly! -496.86250001192093,-35.5,216.1574040282139
[18:59:28] [Server thread/INFO]: Neropou777 has made the advancement [Behind bars]
[18:59:29] [Server thread/WARN]: Asierito01OwO moved too quickly! -496.86250001192093,-35.5,216.01222469844834
[18:59:29] [Server thread/INFO]: felipaosxdd has made the advancement [Mine Cells]
[18:59:29] [Server thread/INFO]: felipaosxdd has made the advancement [Behind bars]
[18:59:30] [Server thread/WARN]: felipaosxdd moved too quickly! -496.86250001192093,-35.5,216.11184824100482
[19:00:01] [Server thread/INFO]: felipaosxdd has made the advancement [Diamonds!]
[19:00:13] [Server thread/INFO]: Neropou777 has made the advancement [Diamonds!]
[19:01:26] [Server thread/INFO]: Asierito01OwO has made the advancement [Not Today, Thank You]
[19:02:38] [Server thread/INFO]: felipaosxdd was blown up by Grenadier
[19:03:17] [Server thread/INFO]: <felipaosxdd> tp jajaja
[19:03:28] [Server thread/INFO]: [Calamar892: Teleported felipaosxdd to Calamar892]
[19:04:07] [Server thread/INFO]: felipaosxdd claimed a grave belonging to felipaosxdd at -998, 40, 77, minecells:prison
[19:06:03] [Server thread/INFO]: felipaosxdd has made the advancement [Suit Up]
[19:08:33] [Server thread/INFO]: Asierito01OwO has made the advancement [Diamonds!]
[19:09:00] [Server thread/INFO]: Calamar892 has made the advancement [Diamonds!]
[19:10:11] [Server thread/INFO]: <felipaosxdd> tiene 3 de cuero?
[19:12:02] [Server thread/INFO]: <felipaosxdd> encontre un portal
[19:12:08] [Server thread/INFO]: felipaosxdd has made the advancement [A crafter that runs on cells...]
[19:12:20] [Server thread/INFO]: <felipaosxdd> tengo 22 de lana
[19:12:20] [Server thread/INFO]: Calamar892 has made the advancement [A crafter that runs on cells...]
[19:12:34] [Server thread/INFO]: [Calamar892: Teleported Asierito01OwO to Calamar892]
[19:12:37] [Server thread/INFO]: Asierito01OwO has made the advancement [A crafter that runs on cells...]
[19:12:38] [Server thread/INFO]: [Calamar892: Teleported Neropou777 to Calamar892]
[19:12:49] [Server thread/INFO]: Neropou777 has made the advancement [Not Today, Thank You]
[19:12:51] [Server thread/INFO]: Asierito01OwO has made the advancement [Love the serenity...]
[19:12:53] [Server thread/WARN]: Asierito01OwO moved too quickly! -68.55000001192093,45.799999952316284,25.86250001192093
[19:12:56] [Server thread/WARN]: Tried to load a DUMMY block entity @ class_2338{x=-1081, y=66, z=91} but found not block entity block Block{minecraft:air} at location
[19:12:56] [Server thread/WARN]: Tried to load a block entity for block Block{minecraft:air} but failed at location class_2338{x=-1081, y=66, z=91}
[19:12:58] [Server thread/INFO]: Calamar892 has made the advancement [Love the serenity...]
[19:12:58] [Server thread/WARN]: Calamar892 moved too quickly! -68.98071334924373,46.5,25.86250001192093
[19:12:59] [Server thread/INFO]: felipaosxdd has made the advancement [Love the serenity...]
[19:12:59] [Server thread/WARN]: felipaosxdd moved too quickly! -69.10006759908993,46.5,25.86250001192093
[19:13:03] [Server thread/WARN]: Tried to load a DUMMY block entity @ class_2338{x=-1015, y=18, z=147} but found not block entity block Block{minecraft:air} at location
[19:13:03] [Server thread/WARN]: Tried to load a block entity for block Block{minecraft:air} but failed at location class_2338{x=-1015, y=18, z=147}
[19:13:03] [Server thread/WARN]: Tried to load a DUMMY block entity @ class_2338{x=-1079, y=19, z=147} but found not block entity block Block{minecraft:air} at location
[19:13:03] [Server thread/WARN]: Tried to load a block entity for block Block{minecraft:air} but failed at location class_2338{x=-1079, y=19, z=147}
[19:13:07] [Server thread/WARN]: Tried to load a DUMMY block entity @ class_2338{x=-1033, y=66, z=187} but found not block entity block Block{minecraft:air} at location
[19:13:07] [Server thread/WARN]: Tried to load a block entity for block Block{minecraft:air} but failed at location class_2338{x=-1033, y=66, z=187}
[19:13:08] [Server thread/WARN]: Tried to load a DUMMY block entity @ class_2338{x=-1194, y=128, z=-148} but found not block entity block Block{minecraft:air} at location
[19:13:08] [Server thread/WARN]: Tried to load a block entity for block Block{minecraft:air} but failed at location class_2338{x=-1194, y=128, z=-148}
[19:13:12] [Server thread/INFO]: <felipaosxdd> nos violan ricoo
[19:13:23] [Worker-Main-2/ERROR]: Hanging entity at invalid position: class_2338{x=49, y=-48, z=-413}
[19:13:23] [Worker-Main-2/ERROR]: Hanging entity at invalid position: class_2338{x=49, y=-48, z=-415}
[19:13:24] [Server thread/WARN]: Can't keep up! Is the server overloaded? Running 3680ms or 73 ticks behind
[19:13:24] [Server thread/WARN]: Calamar892 moved too quickly! 490.2001288679436,10.5,-224.82507674364356
[19:13:24] [Worker-Main-1/ERROR]: Hanging entity at invalid position: class_2338{x=-245, y=25, z=-23}
[19:13:24] [Worker-Main-1/ERROR]: Hanging entity at invalid position: class_2338{x=-252, y=22, z=-20}
[19:13:25] [Worker-Main-3/WARN]: Tried to access a block entity before it was created. class_2338{x=-1054, y=-24, z=-3}
[19:13:27] [Worker-Main-3/WARN]: Tried to access a block entity before it was created. class_2338{x=-1070, y=4, z=-4}
[19:13:27] [Worker-Main-2/ERROR]: Hanging entity at invalid position: class_2338{x=-274, y=25, z=-20}
[19:13:27] [Worker-Main-2/ERROR]: Hanging entity at invalid position: class_2338{x=-275, y=25, z=-21}
[19:13:27] [Worker-Main-2/ERROR]: Hanging entity at invalid position: class_2338{x=-274, y=25, z=-24}
[19:13:27] [Worker-Main-2/ERROR]: Hanging entity at invalid position: class_2338{x=-275, y=25, z=-23}
[19:13:27] [Worker-Main-2/ERROR]: Hanging entity at invalid position: class_2338{x=-275, y=25, z=-24}
[19:13:27] [Worker-Main-2/ERROR]: Hanging entity at invalid position: class_2338{x=-270, y=28, z=-22}
[19:13:27] [Worker-Main-2/ERROR]: Hanging entity at invalid position: class_2338{x=-270, y=22, z=-22}
[19:13:27] [Server thread/WARN]: felipaosxdd moved too quickly! 69.32477656352637,-43.5,-25.86250001192093
[19:13:36] [Server thread/WARN]: Asierito01OwO moved too quickly! 69.16587883232489,-43.5,-25.865251183328787
[19:13:44] [Server thread/WARN]: Calamar892 moved too quickly! -496.86250001192093,-35.5,215.87086985495023
[19:13:46] [Server thread/WARN]: Asierito01OwO moved too quickly! -68.8476348826598,46.5,25.86250001192093
[19:13:48] [Server thread/WARN]: Calamar892 moved too quickly! 499.13749998807907,38.5,-215.76620933595484
[19:13:49] [Worker-Main-1/WARN]: Tried to access a block entity before it was created. class_2338{x=-1081, y=-2, z=-29}
[19:14:02] [Server thread/WARN]: Asierito01OwO moved too quickly! 490.2129234033514,10.5,-224.88537419065324
[19:14:02] [Server thread/WARN]: Can't keep up! Is the server overloaded? Running 2402ms or 48 ticks behind
[19:14:10] [Server thread/WARN]: Calamar892 moved too quickly! -492.86250001192093,-7.5,218.75618651003816
[19:14:12] [Server thread/WARN]: Asierito01OwO moved too quickly! -492.86250001192093,-7.5,218.96176351381447
[19:14:30] [Server thread/WARN]: Calamar892 moved too quickly! 68.87921537278214,-43.5,-25.86250001192093
[19:16:00] [Netty Epoll Server IO #4/ERROR]: Exception occurred in netty pipeline
io.netty.handler.codec.DecoderException: java.lang.IndexOutOfBoundsException: Index 50 out of bounds for length 1
	at io.netty.handler.codec.ByteToMessageDecoder.callDecode(ByteToMessageDecoder.java:489) ~[netty-codec-4.1.82.Final.jar:?]
	at io.netty.handler.codec.ByteToMessageDecoder.channelRead(ByteToMessageDecoder.java:280) ~[netty-codec-4.1.82.Final.jar:?]
	at io.netty.channel.AbstractChannelHandlerContext.invokeChannelRead(AbstractChannelHandlerContext.java:379) ~[netty-transport-4.1.82.Final.jar:?]
	at io.netty.channel.AbstractChannelHandlerContext.invokeChannelRead(AbstractChannelHandlerContext.java:365) ~[netty-transport-4.1.82.Final.jar:?]
	at io.netty.channel.AbstractChannelHandlerContext.fireChannelRead(AbstractChannelHandlerContext.java:357) ~[netty-transport-4.1.82.Final.jar:?]
	at io.netty.handler.codec.ByteToMessageDecoder.fireChannelRead(ByteToMessageDecoder.java:336) ~[netty-codec-4.1.82.Final.jar:?]
	at io.netty.handler.codec.ByteToMessageDecoder.fireChannelRead(ByteToMessageDecoder.java:323) ~[netty-codec-4.1.82.Final.jar:?]
	at io.netty.handler.codec.ByteToMessageDecoder.callDecode(ByteToMessageDecoder.java:444) ~[netty-codec-4.1.82.Final.jar:?]
	at io.netty.handler.codec.ByteToMessageDecoder.channelRead(ByteToMessageDecoder.java:280) ~[netty-codec-4.1.82.Final.jar:?]
	at io.netty.channel.AbstractChannelHandlerContext.invokeChannelRead(AbstractChannelHandlerContext.java:379) ~[netty-transport-4.1.82.Final.jar:?]
	at io.netty.channel.AbstractChannelHandlerContext.invokeChannelRead(AbstractChannelHandlerContext.java:365) ~[netty-transport-4.1.82.Final.jar:?]
	at io.netty.channel.AbstractChannelHandlerContext.fireChannelRead(AbstractChannelHandlerContext.java:357) ~[netty-transport-4.1.82.Final.jar:?]
	at net.minecraft.class_3238.channelRead(class_3238.java:95) ~[server-intermediary.jar:?]
	at io.netty.channel.AbstractChannelHandlerContext.invokeChannelRead(AbstractChannelHandlerContext.java:379) ~[netty-transport-4.1.82.Final.jar:?]
	at io.netty.channel.AbstractChannelHandlerContext.invokeChannelRead(AbstractChannelHandlerContext.java:365) ~[netty-transport-4.1.82.Final.jar:?]
	at io.netty.channel.AbstractChannelHandlerContext.fireChannelRead(AbstractChannelHandlerContext.java:357) ~[netty-transport-4.1.82.Final.jar:?]
	at io.netty.handler.timeout.IdleStateHandler.channelRead(IdleStateHandler.java:286) ~[netty-handler-4.1.82.Final.jar:?]
	at io.netty.channel.AbstractChannelHandlerContext.invokeChannelRead(AbstractChannelHandlerContext.java:379) ~[netty-transport-4.1.82.Final.jar:?]
	at io.netty.channel.AbstractChannelHandlerContext.invokeChannelRead(AbstractChannelHandlerContext.java:365) ~[netty-transport-4.1.82.Final.jar:?]
	at io.netty.channel.AbstractChannelHandlerContext.fireChannelRead(AbstractChannelHandlerContext.java:357) ~[netty-transport-4.1.82.Final.jar:?]
	at io.netty.channel.DefaultChannelPipeline$HeadContext.channelRead(DefaultChannelPipeline.java:1410) ~[netty-transport-4.1.82.Final.jar:?]
	at io.netty.channel.AbstractChannelHandlerContext.invokeChannelRead(AbstractChannelHandlerContext.java:379) ~[netty-transport-4.1.82.Final.jar:?]
	at io.netty.channel.AbstractChannelHandlerContext.invokeChannelRead(AbstractChannelHandlerContext.java:365) ~[netty-transport-4.1.82.Final.jar:?]
	at io.netty.channel.DefaultChannelPipeline.fireChannelRead(DefaultChannelPipeline.java:919) ~[netty-transport-4.1.82.Final.jar:?]
	at io.netty.channel.epoll.AbstractEpollStreamChannel$EpollStreamUnsafe.epollInReady(AbstractEpollStreamChannel.java:800) ~[netty-transport-classes-epoll-4.1.82.Final.jar:?]
	at io.netty.channel.epoll.EpollEventLoop.processReady(EpollEventLoop.java:499) ~[netty-transport-classes-epoll-4.1.82.Final.jar:?]
	at io.netty.channel.epoll.EpollEventLoop.run(EpollEventLoop.java:397) ~[netty-transport-classes-epoll-4.1.82.Final.jar:?]
	at io.netty.util.concurrent.SingleThreadEventExecutor$4.run(SingleThreadEventExecutor.java:997) ~[netty-common-4.1.82.Final.jar:?]
	at io.netty.util.internal.ThreadExecutorMap$2.run(ThreadExecutorMap.java:74) ~[netty-common-4.1.82.Final.jar:?]
	at java.lang.Thread.run(Thread.java:840) ~[?:?]
Caused by: java.lang.IndexOutOfBoundsException: Index 50 out of bounds for length 1
	at jdk.internal.util.Preconditions.outOfBounds(Preconditions.java:64) ~[?:?]
	at jdk.internal.util.Preconditions.outOfBoundsCheckIndex(Preconditions.java:70) ~[?:?]
	at jdk.internal.util.Preconditions.checkIndex(Preconditions.java:266) ~[?:?]
	at java.util.Objects.checkIndex(Objects.java:361) ~[?:?]
	at java.util.ArrayList.get(ArrayList.java:427) ~[?:?]
	at net.minecraft.class_2539$class_4532.method_22310(class_2539.java:458) ~[server-intermediary.jar:?]
	at net.minecraft.class_2539.method_10783(class_2539.java:522) ~[server-intermediary.jar:?]
	at net.minecraft.class_2543.decode(class_2543.java:32) ~[server-intermediary.jar:?]
	at io.netty.handler.codec.ByteToMessageDecoder.decodeRemovalReentryProtection(ByteToMessageDecoder.java:519) ~[netty-codec-4.1.82.Final.jar:?]
	at io.netty.handler.codec.ByteToMessageDecoder.callDecode(ByteToMessageDecoder.java:458) ~[netty-codec-4.1.82.Final.jar:?]
	... 29 more
[19:16:05] [Server thread/WARN]: Asierito01OwO moved too quickly! 68.97001806173887,-43.5,-25.86250001192093
[19:16:09] [Server thread/WARN]: Asierito01OwO moved too quickly! -68.92627484899867,46.5,25.86250001192093
[19:16:12] [Server thread/WARN]: Asierito01OwO moved too quickly! 490.2379960268348,10.5,-224.99745632376082
[19:16:29] [Server thread/INFO]: Neropou777 has made the advancement [A crafter that runs on cells...]
[19:16:54] [Server thread/WARN]: Calamar892 moved too quickly! -69.21628191129912,46.5,25.86250001192093
[19:16:56] [Server thread/WARN]: felipaosxdd moved too quickly! -68.94000027450647,46.5,25.86250001192093
[19:16:58] [Server thread/INFO]: [Calamar892: Teleported Asierito01OwO to Calamar892]
[19:17:01] [Server thread/WARN]: Asierito01OwO moved too quickly! 68.61739871391887,-44.081187504827966,-25.86250001192093
[19:17:19] [Server thread/WARN]: Calamar892 moved too quickly! 69.20201095851428,-43.5,-25.86250001192093
[19:17:21] [Server thread/WARN]: Asierito01OwO moved too quickly! -69.07943866083838,46.5,25.869055055129888
[19:17:30] [Server thread/WARN]: Calamar892 moved too quickly! -69.43936666702575,46.5,25.86250001192093
[19:17:32] [Server thread/INFO]: Neropou777 has made the advancement [Love the serenity...]
[19:17:32] [Server thread/WARN]: Neropou777 moved too quickly! -68.78775358262646,46.5,25.86250001192093
[19:18:28] [Server thread/WARN]: Neropou777 moved too quickly! 490.26476151218606,10.5,-225.06750713232833
[19:18:34] [Server thread/WARN]: Asierito01OwO moved too quickly! 489.9947562976613,10.5,-224.89387072884924
[19:18:49] [Server thread/WARN]: felipaosxdd moved too quickly! 490.3750042856125,9.733632006042484,-224.3221764979218
[19:18:50] [Server thread/WARN]: Calamar892 moved too quickly! 490.25036169467717,10.5,-225.01071392402014
[19:19:16] [Server thread/INFO]: <felipaosxdd> preparo casa?
[19:20:42] [Worker-Main-2/WARN]: Tried to access a block entity before it was created. class_2338{x=-527, y=-2, z=0}
[19:20:42] [Worker-Main-1/WARN]: Tried to access a block entity before it was created. class_2338{x=-533, y=-2, z=8}
[19:20:42] [Worker-Main-1/WARN]: Tried to access a block entity before it was created. class_2338{x=-529, y=-2, z=8}
[19:20:42] [Worker-Main-1/WARN]: Tried to access a block entity before it was created. class_2338{x=-535, y=-2, z=0}
[19:20:51] [Server thread/INFO]: Villager class_1646['Irene Vorderbruggen'/839744, l='ServerLevel[world]', x=-413.78, y=85.00, z=-286.78] died, message: 'Irene Vorderbruggen suffocated in a wall'
[19:20:51] [Server thread/INFO]: Named entity class_1646['Irene Vorderbruggen'/839744, l='ServerLevel[world]', x=-413.78, y=85.00, z=-286.78] died: Irene Vorderbruggen suffocated in a wall
[19:20:53] [Worker-Main-1/WARN]: Tried to access a block entity before it was created. class_2338{x=-483, y=-12, z=17}
[19:20:53] [Worker-Main-1/WARN]: Tried to access a block entity before it was created. class_2338{x=-483, y=-11, z=16}
[19:20:53] [Worker-Main-1/WARN]: Tried to access a block entity before it was created. class_2338{x=-504, y=-25, z=17}
[19:21:00] [Server thread/INFO]: <felipaosxdd> no avance a lootear mucho
[19:21:29] [Server thread/WARN]: UUID of added entity already exists: class_1540['Falling Hanging Coconut'/897783, l='ServerLevel[world]', x=-343.50, y=73.00, z=-127.50]
[19:23:26] [Server thread/INFO]: Calamar892 has made the advancement [Isn't It Iron Pick]
[19:24:39] [Server thread/WARN]: UUID of added entity already exists: class_1540['Falling Hanging Coconut'/898576, l='ServerLevel[world]', x=-345.50, y=73.00, z=-127.50]
[19:25:49] [Server thread/WARN]: UUID of added entity already exists: class_1540['Falling Hanging Coconut'/898897, l='ServerLevel[world]', x=-344.50, y=73.00, z=-129.50]
[19:26:07] [Server thread/INFO]: Neropou777 has made the advancement [Isn't It Iron Pick]
[19:26:20] [Server thread/INFO]: Asierito01OwO has made the advancement [A Seedy Place]
[19:27:33] [Server thread/INFO]: Calamar892 lost connection: Timed out
[19:27:33] [Server thread/INFO]: Calamar892 left the game
[19:27:33] [Server thread/WARN]: handleDisconnection() called twice
[19:27:42] [Server thread/INFO]: Calamar892[/127.103.88.164:52469] logged in with entity id 899478 at (-425.69999998807907, 67.0, -320.30000001192093)
[19:27:42] [Server thread/INFO]: Sending server config values to client
[19:27:42] [Server thread/INFO]: Syncing config to Calamar892 (3db267cc-5653-38a8-90fd-bbcdac507f0a)
[19:27:42] [Server thread/INFO]: [betternether] Freeze Registry[ResourceKey[minecraft:root / worlds_together:worldgen/betterx/surface_rules] (Stable)]
[19:27:42] [Server thread/INFO]: Calamar892 joined the game
[19:27:42] [Netty Epoll Server IO #6/INFO]: Receiving client config
[19:27:44] [Netty Epoll Server IO #6/INFO]: Priority overwritten for player Calamar892. Claiming: GRAVE / Robbing: INVENTORY
[19:27:44] [Server thread/INFO]: [bclib] Received Hello from Client. (server=3.0.14, client=3.0.14)
[19:27:44] [Server thread/INFO]: [bclib] Sending Hello to Client. (server=3.0.14)
[19:27:44] [Server thread/INFO]: [bclib] 	- Listing Mod bclib v3.0.14 (size: 2.2 MiB, download=true)
[19:27:44] [Server thread/INFO]: [bclib] 	- Listing Mod betternether v9.0.10 (size: 21.9 MiB, download=true)
[19:27:44] [Server thread/INFO]: [bclib] 	- Offering Config bclib.CONFIG_betternether.main
[19:27:44] [Server thread/INFO]: [bclib] 	- Offering Config bclib.CONFIG_betternether.generator
[19:27:44] [Server thread/INFO]: [bclib] 	- Offering Config bclib.CONFIG_betternether.blocks
[19:27:44] [Server thread/INFO]: [bclib] 	- Offering Config bclib.CONFIG_betternether.items
[19:27:44] [Server thread/INFO]: [bclib] 	- Offering Config bclib.CONFIG_betternether.biomes
[19:27:44] [Server thread/INFO]: [bclib] 	- Offering Config bclib.CONFIG_betternether.mobs
[19:27:44] [Server thread/INFO]: [bclib] 	- Offering Config bclib.CONFIG_bclib.generator
[19:27:44] [Server thread/INFO]: [bclib] 	- Offering Config bclib.CONFIG_bclib.main
[19:27:44] [Server thread/INFO]: [bclib] 	- Offering Config bclib.CONFIG_bclib.biomes
[19:27:44] [Server thread/INFO]: [bclib] 	- Offering Config bclib.CONFIG_betterend.entities
[19:27:44] [Server thread/INFO]: [bclib] 	- Offering Config bclib.CONFIG_betterend.blocks
[19:27:44] [Server thread/INFO]: [bclib] 	- Offering Config bclib.CONFIG_betterend.items
[19:27:44] [Server thread/INFO]: [bclib] 	- Offering Config bclib.CONFIG_betterend.enchantments
[19:27:44] [Server thread/INFO]: [bclib] 	- Offering Folder /workspaces/Dungeon/servidor_minecraft/bclib-sync (allowDelete=true)
[19:29:24] [Server thread/INFO]: felipaosxdd has made the advancement [A Seedy Place]
[19:29:42] [Server thread/INFO]: Calamar892 lost connection: Timed out
[19:29:42] [Server thread/INFO]: Calamar892 left the game
[19:29:44] [Server thread/INFO]: <felipaosxdd> lee
[19:29:46] [Server thread/INFO]: Calamar892[/127.103.88.164:46697] logged in with entity id 899935 at (-425.30000001192093, 67.0, -320.37461451905443)
[19:29:46] [Server thread/INFO]: Sending server config values to client
[19:29:46] [Server thread/INFO]: Syncing config to Calamar892 (3db267cc-5653-38a8-90fd-bbcdac507f0a)
[19:29:46] [Server thread/INFO]: [betternether] Freeze Registry[ResourceKey[minecraft:root / worlds_together:worldgen/betterx/surface_rules] (Stable)]
[19:29:46] [Server thread/INFO]: Calamar892 joined the game
[19:29:46] [Netty Epoll Server IO #0/INFO]: Receiving client config
[19:29:48] [Netty Epoll Server IO #0/INFO]: Priority overwritten for player Calamar892. Claiming: GRAVE / Robbing: INVENTORY
[19:29:48] [Server thread/INFO]: [bclib] Received Hello from Client. (server=3.0.14, client=3.0.14)
[19:29:48] [Server thread/INFO]: [bclib] Sending Hello to Client. (server=3.0.14)
[19:29:48] [Server thread/INFO]: [bclib] 	- Listing Mod bclib v3.0.14 (size: 2.2 MiB, download=true)
[19:29:48] [Server thread/INFO]: [bclib] 	- Listing Mod betternether v9.0.10 (size: 21.9 MiB, download=true)
[19:29:48] [Server thread/INFO]: [bclib] 	- Offering Config bclib.CONFIG_betternether.main
[19:29:48] [Server thread/INFO]: [bclib] 	- Offering Config bclib.CONFIG_betternether.generator
[19:29:48] [Server thread/INFO]: [bclib] 	- Offering Config bclib.CONFIG_betternether.blocks
[19:29:48] [Server thread/INFO]: [bclib] 	- Offering Config bclib.CONFIG_betternether.items
[19:29:48] [Server thread/INFO]: [bclib] 	- Offering Config bclib.CONFIG_betternether.biomes
[19:29:48] [Server thread/INFO]: [bclib] 	- Offering Config bclib.CONFIG_betternether.mobs
[19:29:48] [Server thread/INFO]: [bclib] 	- Offering Config bclib.CONFIG_bclib.generator
[19:29:48] [Server thread/INFO]: [bclib] 	- Offering Config bclib.CONFIG_bclib.main
[19:29:48] [Server thread/INFO]: [bclib] 	- Offering Config bclib.CONFIG_bclib.biomes
[19:29:48] [Server thread/INFO]: [bclib] 	- Offering Config bclib.CONFIG_betterend.entities
[19:29:48] [Server thread/INFO]: [bclib] 	- Offering Config bclib.CONFIG_betterend.blocks
[19:29:48] [Server thread/INFO]: [bclib] 	- Offering Config bclib.CONFIG_betterend.items
[19:29:48] [Server thread/INFO]: [bclib] 	- Offering Config bclib.CONFIG_betterend.enchantments
[19:29:48] [Server thread/INFO]: [bclib] 	- Offering Folder /workspaces/Dungeon/servidor_minecraft/bclib-sync (allowDelete=true)
[19:30:00] [pool-9-thread-1/INFO]: Searching for closest structure among [ResourceKey[minecraft:worldgen/structure / towns_and_towers:exclusives/village_rustic], ResourceKey[minecraft:worldgen/structure / towns_and_towers:village_flower_forest], ResourceKey[minecraft:worldgen/structure / towns_and_towers:exclusives/village_tudor], ResourceKey[minecraft:worldgen/structure / towns_and_towers:village_snowy_taiga], ResourceKey[minecraft:worldgen/structure / towns_and_towers:exclusives/village_mediterranean], ResourceKey[minecraft:worldgen/structure / towns_and_towers:village_savanna_plateau], ResourceKey[minecraft:worldgen/structure / towns_and_towers:village_snowy_slopes], ResourceKey[minecraft:worldgen/structure / towns_and_towers:exclusives/village_classic]] from pos class_2338{x=-549, y=78, z=-517}
[19:30:04] [Server thread/WARN]: Can't keep up! Is the server overloaded? Running 2736ms or 54 ticks behind
[19:30:04] [Server thread/WARN]: felipaosxdd moved too quickly! -7.098642216519352,0.7531999805212024,7.447299252234558
[19:30:35] [Worker-Main-2/WARN]: Tried to access a block entity before it was created. class_2338{x=-475, y=-11, z=37}
[19:30:35] [Worker-Main-2/WARN]: Tried to access a block entity before it was created. class_2338{x=-481, y=-11, z=37}
[19:30:36] [Server thread/WARN]: UUID of added entity already exists: class_1540['Falling Hanging Coconut'/900281, l='ServerLevel[world]', x=-343.50, y=73.00, z=-128.50]
[19:31:24] [Server thread/WARN]: Calamar892 moved wrongly!
[19:31:51] [Server thread/WARN]: UUID of added entity already exists: class_1540['Falling Hanging Coconut'/901463, l='ServerLevel[world]', x=-335.50, y=70.00, z=-98.50]
[19:32:00] [Worker-Main-3/ERROR]: Hanging entity at invalid position: class_2338{x=-245, y=25, z=-23}
[19:32:00] [Worker-Main-3/ERROR]: Hanging entity at invalid position: class_2338{x=-252, y=22, z=-20}
[19:32:00] [Worker-Main-2/ERROR]: Hanging entity at invalid position: class_2338{x=-274, y=25, z=-20}
[19:32:00] [Worker-Main-2/ERROR]: Hanging entity at invalid position: class_2338{x=-275, y=25, z=-21}
[19:32:00] [Worker-Main-2/ERROR]: Hanging entity at invalid position: class_2338{x=-274, y=25, z=-24}
[19:32:00] [Worker-Main-2/ERROR]: Hanging entity at invalid position: class_2338{x=-275, y=25, z=-23}
[19:32:00] [Worker-Main-2/ERROR]: Hanging entity at invalid position: class_2338{x=-275, y=25, z=-24}
[19:32:00] [Worker-Main-2/ERROR]: Hanging entity at invalid position: class_2338{x=-270, y=28, z=-22}
[19:32:00] [Worker-Main-2/ERROR]: Hanging entity at invalid position: class_2338{x=-270, y=22, z=-22}
[19:32:13] [pool-9-thread-2/INFO]: Searching for closest structure among [ResourceKey[minecraft:worldgen/structure / towns_and_towers:village_ocean], ResourceKey[minecraft:worldgen/structure / towns_and_towers:village_grove], ResourceKey[minecraft:worldgen/structure / towns_and_towers:village_sunflower_plains], ResourceKey[minecraft:worldgen/structure / towns_and_towers:village_snowy_slopes], ResourceKey[minecraft:worldgen/structure / towns_and_towers:exclusives/village_wandering_trader_camp], ResourceKey[minecraft:worldgen/structure / minecraft:village_desert], ResourceKey[minecraft:worldgen/structure / towns_and_towers:village_snowy_taiga], ResourceKey[minecraft:worldgen/structure / towns_and_towers:village_badlands]] from pos class_2338{x=-821, y=85, z=-187}
[19:32:29] [Server thread/INFO]: <felipaosxdd> dijeron algo
[19:32:44] [Server thread/INFO]: <Neropou777> zz
[19:32:44] [Server thread/INFO]: <Neropou777> z
[19:32:44] [Server thread/INFO]: <Neropou777> z
[19:32:44] [Server thread/INFO]: <Neropou777> z
[19:32:45] [Server thread/INFO]: <Neropou777> z
[19:32:45] [Server thread/INFO]: <Neropou777> zz
[19:32:45] [Server thread/INFO]: <Neropou777> z
[19:32:46] [Server thread/INFO]: <Neropou777> zzzzzzzzzzzzzzzzzzzzzzzzzzzz
[19:33:48] [Server thread/INFO]: <Neropou777> z
[19:33:49] [Server thread/INFO]: <Neropou777> z
[19:33:49] [Server thread/INFO]: <Neropou777> z
[19:33:49] [Server thread/INFO]: <Neropou777> z
[19:33:49] [Server thread/INFO]: <Neropou777> z
[19:33:50] [Server thread/INFO]: <Neropou777> z
[19:33:50] [Server thread/INFO]: <Neropou777> z
[19:34:11] [Server thread/INFO]: <felipaosxdd> Asierito01OwO duerme
[19:34:18] [Server thread/INFO]: <felipaosxdd> Asierito01OwO
[19:34:18] [Server thread/INFO]: <Asierito01OwO> NO TENGO CAMA
[19:34:19] [Server thread/INFO]: <felipaosxdd> Asierito01OwO
[19:34:20] [Server thread/INFO]: <felipaosxdd> Asierito01OwO
[19:34:20] [Server thread/INFO]: <felipaosxdd> Asierito01OwO
[19:34:21] [Server thread/INFO]: <felipaosxdd> Asierito01OwO
[19:34:22] [Server thread/INFO]: <felipaosxdd> Asierito01OwO
[19:34:22] [Server thread/INFO]: <felipaosxdd> Asierito01OwO
[19:34:23] [Server thread/INFO]: <felipaosxdd> Asierito01OwO
[19:34:23] [Server thread/INFO]: <felipaosxdd> Asierito01OwO
[19:34:24] [Server thread/INFO]: <felipaosxdd> Asierito01OwO
[19:34:24] [Server thread/INFO]: <felipaosxdd> Asierito01OwO
[19:34:25] [Server thread/INFO]: <felipaosxdd> Asierito01OwO
[19:34:26] [Server thread/INFO]: <felipaosxdd> Asierito01OwO
[19:34:26] [Server thread/INFO]: <felipaosxdd> Asierito01OwO
[19:34:27] [Server thread/INFO]: <felipaosxdd> Asierito01OwO
[19:34:27] [Server thread/INFO]: <felipaosxdd> Asierito01OwO
[19:34:28] [Server thread/INFO]: <felipaosxdd> Asierito01OwO
[19:34:28] [Server thread/INFO]: <felipaosxdd> Asierito01OwO
[19:34:29] [Server thread/INFO]: <felipaosxdd> Asierito01OwO
[19:34:29] [Server thread/INFO]: <felipaosxdd> Asierito01OwO
[19:34:30] [Server thread/INFO]: <felipaosxdd> Asierito01OwO
[19:34:30] [Server thread/INFO]: <felipaosxdd> Asierito01OwO
[19:34:31] [Server thread/INFO]: <felipaosxdd> Asierito01OwO
[19:34:31] [Server thread/INFO]: felipaosxdd lost connection: Kicked for spamming
[19:34:31] [Server thread/INFO]: felipaosxdd left the game
[19:34:35] [Server thread/INFO]: Asierito01OwO lost connection: Disconnected
[19:34:35] [Server thread/INFO]: Asierito01OwO left the game
[19:34:36] [Server thread/INFO]: felipaosxdd[/127.46.195.96:52615] logged in with entity id 902820 at (-367.5, 97.5, -268.5)
[19:34:36] [Server thread/INFO]: Sending server config values to client
[19:34:36] [Server thread/INFO]: Syncing config to felipaosxdd (dda18968-c5f4-3eec-9435-758c8dea98b0)
[19:34:36] [Server thread/INFO]: [betternether] Freeze Registry[ResourceKey[minecraft:root / worlds_together:worldgen/betterx/surface_rules] (Stable)]
[19:34:36] [Server thread/INFO]: felipaosxdd joined the game
[19:34:37] [Netty Epoll Server IO #2/INFO]: Receiving client config
[19:34:37] [Netty Epoll Server IO #2/INFO]: Priority overwritten for player felipaosxdd. Claiming: GRAVE / Robbing: INVENTORY
[19:34:37] [Server thread/INFO]: [bclib] Received Hello from Client. (server=3.0.14, client=3.0.14)
[19:34:37] [Server thread/INFO]: [bclib] Sending Hello to Client. (server=3.0.14)
[19:34:37] [Server thread/INFO]: [bclib] 	- Listing Mod bclib v3.0.14 (size: 2.2 MiB, download=true)
[19:34:37] [Server thread/INFO]: [bclib] 	- Listing Mod betternether v9.0.10 (size: 21.9 MiB, download=true)
[19:34:37] [Server thread/INFO]: [bclib] 	- Offering Config bclib.CONFIG_betternether.main
[19:34:37] [Server thread/INFO]: [bclib] 	- Offering Config bclib.CONFIG_betternether.generator
[19:34:37] [Server thread/INFO]: [bclib] 	- Offering Config bclib.CONFIG_betternether.blocks
[19:34:37] [Server thread/INFO]: [bclib] 	- Offering Config bclib.CONFIG_betternether.items
[19:34:37] [Server thread/INFO]: [bclib] 	- Offering Config bclib.CONFIG_betternether.biomes
[19:34:37] [Server thread/INFO]: [bclib] 	- Offering Config bclib.CONFIG_betternether.mobs
[19:34:37] [Server thread/INFO]: [bclib] 	- Offering Config bclib.CONFIG_bclib.generator
[19:34:37] [Server thread/INFO]: [bclib] 	- Offering Config bclib.CONFIG_bclib.main
[19:34:37] [Server thread/INFO]: [bclib] 	- Offering Config bclib.CONFIG_bclib.biomes
[19:34:37] [Server thread/INFO]: [bclib] 	- Offering Config bclib.CONFIG_betterend.entities
[19:34:37] [Server thread/INFO]: [bclib] 	- Offering Config bclib.CONFIG_betterend.blocks
[19:34:37] [Server thread/INFO]: [bclib] 	- Offering Config bclib.CONFIG_betterend.items
[19:34:37] [Server thread/INFO]: [bclib] 	- Offering Config bclib.CONFIG_betterend.enchantments
[19:34:37] [Server thread/INFO]: [bclib] 	- Offering Folder /workspaces/Dungeon/servidor_minecraft/bclib-sync (allowDelete=true)
[19:34:40] [Server thread/WARN]: UUID of added entity already exists: class_1540['Falling Hanging Coconut'/902844, l='ServerLevel[world]', x=-564.50, y=83.00, z=-41.50]
[19:34:44] [Server thread/INFO]: Asierito01OwO[/127.26.148.143:34991] logged in with entity id 902874 at (-429.7441566555461, 83.0, -288.48750001192093)
[19:34:44] [Server thread/INFO]: Sending server config values to client
[19:34:44] [Server thread/INFO]: Syncing config to Asierito01OwO (06b1eb39-e73a-3be1-9a3a-a37437110d20)
[19:34:44] [Server thread/INFO]: [betternether] Freeze Registry[ResourceKey[minecraft:root / worlds_together:worldgen/betterx/surface_rules] (Stable)]
[19:34:44] [Server thread/INFO]: Asierito01OwO joined the game
[19:34:45] [Netty Epoll Server IO #4/INFO]: Receiving client config
[19:34:46] [Netty Epoll Server IO #4/INFO]: Priority overwritten for player Asierito01OwO. Claiming: GRAVE / Robbing: INVENTORY
[19:34:46] [Server thread/INFO]: [bclib] Received Hello from Client. (server=3.0.14, client=3.0.14)
[19:34:46] [Server thread/INFO]: [bclib] Sending Hello to Client. (server=3.0.14)
[19:34:46] [Server thread/INFO]: [bclib] 	- Listing Mod bclib v3.0.14 (size: 2.2 MiB, download=true)
[19:34:46] [Server thread/INFO]: [bclib] 	- Listing Mod betternether v9.0.10 (size: 21.9 MiB, download=true)
[19:34:46] [Server thread/INFO]: [bclib] 	- Offering Config bclib.CONFIG_betternether.main
[19:34:46] [Server thread/INFO]: [bclib] 	- Offering Config bclib.CONFIG_betternether.generator
[19:34:46] [Server thread/INFO]: [bclib] 	- Offering Config bclib.CONFIG_betternether.blocks
[19:34:46] [Server thread/INFO]: [bclib] 	- Offering Config bclib.CONFIG_betternether.items
[19:34:46] [Server thread/INFO]: [bclib] 	- Offering Config bclib.CONFIG_betternether.biomes
[19:34:46] [Server thread/INFO]: [bclib] 	- Offering Config bclib.CONFIG_betternether.mobs
[19:34:46] [Server thread/INFO]: [bclib] 	- Offering Config bclib.CONFIG_bclib.generator
[19:34:46] [Server thread/INFO]: [bclib] 	- Offering Config bclib.CONFIG_bclib.main
[19:34:46] [Server thread/INFO]: [bclib] 	- Offering Config bclib.CONFIG_bclib.biomes
[19:34:46] [Server thread/INFO]: [bclib] 	- Offering Config bclib.CONFIG_betterend.entities
[19:34:46] [Server thread/INFO]: [bclib] 	- Offering Config bclib.CONFIG_betterend.blocks
[19:34:46] [Server thread/INFO]: [bclib] 	- Offering Config bclib.CONFIG_betterend.items
[19:34:46] [Server thread/INFO]: [bclib] 	- Offering Config bclib.CONFIG_betterend.enchantments
[19:34:46] [Server thread/INFO]: [bclib] 	- Offering Folder /workspaces/Dungeon/servidor_minecraft/bclib-sync (allowDelete=true)
[19:36:19] [Server thread/WARN]: UUID of added entity already exists: class_1540['Falling Hanging Coconut'/903868, l='ServerLevel[world]', x=-767.50, y=80.00, z=-2.50]
[19:37:13] [Server thread/INFO]: Neropou777 has completed the challenge [Find: Ruin pillager]
[19:37:21] [Server thread/INFO]: Villager class_1646['Dianey Guterman the Alchemist'/837035, l='ServerLevel[world]', x=-347.72, y=104.56, z=-280.40] died, message: 'Dianey Guterman the Alchemist was slain by felipaosxdd'
[19:37:21] [Server thread/INFO]: Named entity class_1646['Dianey Guterman the Alchemist'/837035, l='ServerLevel[world]', x=-347.72, y=104.56, z=-280.40] died: Dianey Guterman the Alchemist was slain by felipaosxdd
[19:38:23] [Server thread/INFO]: Neropou777 has made the advancement [Monster Hunter]
[19:38:23] [Server thread/INFO]: Named entity class_1604['Honorato Agosta the Pillager'/904497, l='ServerLevel[world]', x=-1013.94, y=62.56, z=23.09] died: Honorato Agosta the Pillager was shot by Neropou777
[19:39:37] [Server thread/INFO]: Villager class_1646['Vonny Frary the Alchemist'/838468, l='ServerLevel[world]', x=-353.55, y=104.00, z=-278.36] died, message: 'Vonny Frary the Alchemist was slain by felipaosxdd'
[19:39:37] [Server thread/INFO]: Named entity class_1646['Vonny Frary the Alchemist'/838468, l='ServerLevel[world]', x=-353.55, y=104.00, z=-278.36] died: Vonny Frary the Alchemist was slain by felipaosxdd
[19:40:26] [Server thread/INFO]: Named entity class_1604['Morrigan Giacalone the Pillager'/903610, l='ServerLevel[world]', x=-978.01, y=62.66, z=12.46] died: Morrigan Giacalone the Pillager was shot by Neropou777
[19:42:57] [Server thread/INFO]: Neropou777 has made the advancement [Suit Up]
[19:43:40] [Server thread/INFO]: Asierito01OwO has made the advancement [Monster Hunter]
[19:45:47] [Server thread/INFO]: <Asierito01OwO> :peped:
[19:45:54] [Server thread/INFO]: <Calamar892> :blobcatreeeeeee:
[19:45:54] [Server thread/INFO]: <Asierito01OwO> :blobcatnight:
[19:46:04] [Server thread/INFO]: <Calamar892> :bongocat:
[19:46:07] [Server thread/INFO]: <Neropou777> gay
[19:46:08] [Server thread/INFO]: <Asierito01OwO> :blobstabby:
[19:46:13] [Server thread/INFO]: <Neropou777> DUERME DE UNA VEZ HIJO DE PUTA
[19:46:16] [Server thread/INFO]: <Calamar892> :comfy:
[19:46:33] [Server thread/INFO]: <Asierito01OwO> :bongocat::mlembig:
[19:46:55] [Server thread/INFO]: [Calamar892: Teleported Asierito01OwO to Neropou777]
[19:47:09] [Server thread/INFO]: Neropou777 has made the advancement [What a Deal!]
[19:47:46] [Server thread/INFO]: [Calamar892: Teleported Calamar892 to felipaosxdd]
[19:47:48] [Server thread/INFO]: Asierito01OwO has made the advancement [What a Deal!]
[19:48:52] [Server thread/INFO]: Named entity class_1604['Ulva Sauerland the Pillager'/903626, l='ServerLevel[world]', x=-1022.11, y=65.00, z=58.49] died: Ulva Sauerland the Pillager was burnt to a crisp whilst fighting Asierito01OwO
[19:48:57] [Server thread/INFO]: Named entity class_1604['Filya Youse the Pillager'/903609, l='ServerLevel[world]', x=-1022.06, y=65.42, z=60.32] died: Filya Youse the Pillager was slain by Asierito01OwO
[19:49:03] [Server thread/INFO]: Named entity class_1604['Calley Tackitt the Pillager'/903624, l='ServerLevel[world]', x=-1021.03, y=65.00, z=57.30] died: Calley Tackitt the Pillager was shot by Neropou777
[19:49:06] [Server thread/INFO]: Named entity class_1604['Garlyn MacAdam the Pillager'/903625, l='ServerLevel[world]', x=-1024.01, y=65.00, z=61.30] died: Garlyn MacAdam the Pillager was slain by Asierito01OwO
[19:49:07] [Server thread/INFO]: Named entity class_1604['Ayaan Scheets the Pillager'/903619, l='ServerLevel[world]', x=-1023.70, y=66.00, z=59.99] died: Ayaan Scheets the Pillager was slain by Asierito01OwO
[19:50:15] [Server thread/INFO]: Named entity class_1604['Gavrila Borgo the Pillager'/903607, l='ServerLevel[world]', x=-1021.70, y=62.00, z=59.68] died: Gavrila Borgo the Pillager was slain by Neropou777
[19:50:21] [Server thread/INFO]: Named entity class_1604['Rajesh Paduano the Pillager'/903606, l='ServerLevel[world]', x=-1021.70, y=64.91, z=60.14] died: Rajesh Paduano the Pillager was slain by Neropou777
[19:50:33] [Server thread/INFO]: Named entity class_1604['Yemon Gach the Pillager'/903621, l='ServerLevel[world]', x=-1019.66, y=62.00, z=49.87] died: Yemon Gach the Pillager was slain by Neropou777
[19:50:36] [Server thread/INFO]: [Calamar892: Set own game mode to Spectator Mode]
[19:50:38] [Server thread/INFO]: Named entity class_1604['Kieffer Collicott the Pillager'/903620, l='ServerLevel[world]', x=-1019.30, y=62.00, z=41.96] died: Kieffer Collicott the Pillager was slain by Neropou777
[19:50:50] [Server thread/INFO]: [Calamar892: Set own game mode to Survival Mode]
[19:51:40] [Server thread/INFO]: Named entity class_1604['Marigold Idle the Pillager'/903622, l='ServerLevel[world]', x=-1019.30, y=62.00, z=64.70] died: Marigold Idle the Pillager was slain by Neropou777
[19:53:36] [Server thread/INFO]: <felipaosxdd> una mujer pa q limpie
[19:54:50] [Server thread/INFO]: Named entity class_1604['Mari Finzel the Pillager'/903627, l='ServerLevel[world]', x=-899.04, y=62.59, z=154.33] died: Mari Finzel the Pillager was slain by Neropou777
[19:55:04] [asynclocator-1-thread-1/INFO]: Async Locator -> Trying to locate TagKey[minecraft:worldgen/structure / minecraft:on_treasure_maps] in ServerLevel[world] around class_2338{x=-907, y=42, z=150} within 50 chunks
[19:55:06] [asynclocator-1-thread-1/INFO]: Async Locator -> Found TagKey[minecraft:worldgen/structure / minecraft:on_treasure_maps] at class_2338{x=-439, y=0, z=9} (took 1,656ms)
[19:55:06] [Server thread/INFO]: Async Locator -> Location found - updating treasure map in chest
[19:55:24] [Server thread/WARN]: Boat (vehicle of Neropou777) moved wrongly! 0.4424899653109833
[19:55:35] [Server thread/INFO]: Asierito01OwO has made the advancement [You Are A Pirate]
[19:55:36] [Server thread/INFO]: Neropou777 has made the advancement [You Are A Pirate]
[19:55:50] [Server thread/INFO]: Named entity class_1604['Tyreece Alegre the Pillager'/902279, l='ServerLevel[world]', x=-856.50, y=67.00, z=110.50] died: Tyreece Alegre the Pillager was slain by Asierito01OwO
[19:55:52] [Server thread/INFO]: Named entity class_1604['Calliste Gregorius the Pillager'/903307, l='ServerLevel[world]', x=-856.50, y=67.00, z=112.50] died: Calliste Gregorius the Pillager was slain by Asierito01OwO
[19:55:56] [Server thread/INFO]: Asierito01OwO has made the advancement [Suit Up]
[19:56:03] [Server thread/INFO]: Named entity class_1604['Franz Alesi the Pillager'/903290, l='ServerLevel[world]', x=-865.50, y=67.00, z=115.50] died: Franz Alesi the Pillager was slain by Asierito01OwO
[19:56:08] [Server thread/INFO]: Named entity class_1604['Ertha Baynes the Pillager'/902981, l='ServerLevel[world]', x=-865.50, y=67.00, z=107.50] died: Ertha Baynes the Pillager was slain by Neropou777
[19:56:16] [Server thread/INFO]: Named entity class_1604['Raileigh Nuckolls the Pillager'/902980, l='ServerLevel[world]', x=-871.50, y=67.00, z=108.50] died: Raileigh Nuckolls the Pillager was slain by Asierito01OwO
[19:56:22] [Server thread/INFO]: Named entity class_1604['Jannus Borneman the Pillager'/903289, l='ServerLevel[world]', x=-871.50, y=67.00, z=114.50] died: Jannus Borneman the Pillager was slain by Neropou777
[19:56:29] [Server thread/INFO]: Named entity class_1604['Germayne MacGregor the Pillager'/903291, l='ServerLevel[world]', x=-874.50, y=67.00, z=113.50] died: Germayne MacGregor the Pillager was slain by Neropou777
[19:56:29] [Server thread/INFO]: Named entity class_1604['Hsin Reiter the Pillager'/902982, l='ServerLevel[world]', x=-874.50, y=67.00, z=109.50] died: Hsin Reiter the Pillager was slain by Asierito01OwO
[19:56:51] [Server thread/INFO]: felipaosxdd has made the advancement [The Parrots and the Bats]
[19:57:07] [Server thread/INFO]: Named entity class_1632['Dacso Bewley the Vindicator'/912890, l='ServerLevel[world]', x=-871.51, y=64.00, z=110.59] died: Dacso Bewley the Vindicator was slain by Neropou777
[19:57:09] [Server thread/INFO]: Named entity class_1632['Martha Scherb the Vindicator'/913018, l='ServerLevel[world]', x=-871.70, y=64.00, z=111.30] died: Martha Scherb the Vindicator was slain by Neropou777
[19:57:10] [Server thread/INFO]: Named entity class_1632['Kiener Nicolette the Vindicator'/912889, l='ServerLevel[world]', x=-871.35, y=64.00, z=111.30] died: Kiener Nicolette the Vindicator was slain by Neropou777
[19:57:33] [Server thread/INFO]: Named entity class_1632['Loker Alleva the Vindicator'/913362, l='ServerLevel[world]', x=-866.46, y=64.00, z=111.12] died: Loker Alleva the Vindicator was slain by Asierito01OwO
[19:57:35] [Server thread/INFO]: Named entity class_1632['Evanne Eales the Vindicator'/913169, l='ServerLevel[world]', x=-866.30, y=64.00, z=111.87] died: Evanne Eales the Vindicator was slain by Asierito01OwO
[19:58:09] [Server thread/INFO]: Asierito01OwO has made the advancement [Hunt and Gather]
